Date;Pays;Infections;Deces;Guerisons;TauxDeces;TauxGuerison;TauxInfection
09/03/2020;Andorre;1;0;0;0.00;0.00;100.00
09/03/2020;Émirats Arabes Unis;45;0;7;0.00;15.56;84.44
09/03/2020;Afghanistan;4;0;0;0.00;0.00;100.00
09/03/2020;Albanie;2;0;0;0.00;0.00;100.00
09/03/2020;Arménie;1;0;0;0.00;0.00;100.00
09/03/2020;Argentine;12;1;0;8.33;0.00;91.67
09/03/2020;Autriche;131;0;2;0.00;1.53;98.47
09/03/2020;Australie;91;4;21;4.40;23.08;72.53
09/03/2020;Azerbaïdjan;9;0;0;0.00;0.00;100.00
09/03/2020;Bosnie-Herzégovine;3;0;0;0.00;0.00;100.00
09/03/2020;Bangladesh;3;0;0;0.00;0.00;100.00
09/03/2020;Belgique;239;0;1;0.00;0.42;99.58
09/03/2020;Bulgarie;4;0;0;0.00;0.00;100.00
09/03/2020;Bahreïn;95;0;14;0.00;14.74;85.26
09/03/2020;Brunéi Darussalam;1;0;0;0.00;0.00;100.00
09/03/2020;Brésil;25;0;0;0.00;0.00;100.00
09/03/2020;Saint Barthélemy;1;0;0;0.00;0.00;100.00
09/03/2020;Bhoutan;1;0;0;0.00;0.00;100.00
09/03/2020;Bélarus;6;0;1;0.00;16.67;83.33
09/03/2020;Canada;76;1;8;1.32;10.53;88.16
09/03/2020;Suisse;374;2;3;0.53;0.80;98.66
09/03/2020;Chili;8;0;0;0.00;0.00;100.00
09/03/2020;Cameroun;2;0;0;0.00;0.00;100.00
09/03/2020;Chine;80735;3120;58735;3.86;72.75;23.39
09/03/2020;Colombie;1;0;0;0.00;0.00;100.00
09/03/2020;Costa Rica;9;0;0;0.00;0.00;100.00
09/03/2020;Chypre;2;0;0;0.00;0.00;100.00
09/03/2020;République Tchèque;31;0;0;0.00;0.00;100.00
09/03/2020;Allemagne;1176;2;18;0.17;1.53;98.30
09/03/2020;Danemark;90;0;1;0.00;1.11;98.89
09/03/2020;République Dominicaine;5;0;0;0.00;0.00;100.00
09/03/2020;Algérie;20;0;0;0.00;0.00;100.00
09/03/2020;Équateur;15;0;0;0.00;0.00;100.00
09/03/2020;Estonie;10;0;0;0.00;0.00;100.00
09/03/2020;Égypte;55;1;12;1.82;21.82;76.36
09/03/2020;Espagne;1073;28;32;2.61;2.98;94.41
09/03/2020;Finlande;30;0;1;0.00;3.33;96.67
09/03/2020;Îles Féroé;2;0;0;0.00;0.00;100.00
09/03/2020;France;1209;25;12;1.57;0.99;97.44
09/03/2020;Royaume-Uni;321;4;18;1.25;5.61;93.15
09/03/2020;Guyane Française;5;0;0;0.00;0.00;100.00
09/03/2020;Géorgie;15;0;0;0.00;0.00;100.00
09/03/2020;Gibraltar;1;0;0;0.00;0.00;100.00
09/03/2020;Grèce;73;0;0;0.00;0.00;100.00
09/03/2020;Hong-Kong;115;3;59;2.61;51.30;46.09
09/03/2020;Croatie;12;0;0;0.00;0.00;100.00
09/03/2020;Hongrie;9;0;0;0.00;0.00;100.00
09/03/2020;Indonésie;19;0;0;0.00;0.00;100.00
09/03/2020;Irlande;21;0;0;0.00;0.00;100.00
09/03/2020;Israël;39;0;2;0.00;5.13;94.87
09/03/2020;Inde;43;0;3;0.00;6.98;93.02
09/03/2020;Iraq;60;6;9;10.00;15.00;75.00
09/03/2020;Iran;7161;237;2394;3.31;33.43;63.26
09/03/2020;Islande;58;0;0;0.00;0.00;100.00
09/03/2020;Italie;9172;463;724;5.05;7.89;87.06
09/03/2020;Jordanie;1;0;0;0.00;0.00;100.00
09/03/2020;Japon;511;17;76;3.33;14.87;81.80
09/03/2020;Cambodge;2;0;1;0.00;50.00;50.00
09/03/2020;Corée du Sud;7478;53;118;0.71;1.58;97.71
09/03/2020;Koweït;64;0;1;0.00;1.56;98.44
09/03/2020;Liban;32;0;1;0.00;3.13;96.88
09/03/2020;Liechtenstein;1;0;0;0.00;0.00;100.00
09/03/2020;Sri Lanka;1;0;1;0.00;100.00;0.00
09/03/2020;Lituanie;1;0;0;0.00;0.00;100.00
09/03/2020;Luxembourg;3;0;0;0.00;0.00;100.00
09/03/2020;Lettonie;6;0;0;0.00;0.00;100.00
09/03/2020;Maroc;2;0;0;0.00;0.00;100.00
09/03/2020;Monaco;1;0;0;0.00;0.00;100.00
09/03/2020;Moldavie;1;0;0;0.00;0.00;100.00
09/03/2020;Saint Martin;2;0;0;0.00;0.00;100.00
09/03/2020;Macédoine;3;0;0;0.00;0.00;100.00
09/03/2020;Macao;10;0;10;0.00;100.00;0.00
09/03/2020;Martinique;2;0;0;0.00;0.00;100.00
09/03/2020;Malte;3;0;0;0.00;0.00;100.00
09/03/2020;Maldives;4;0;0;0.00;0.00;100.00
09/03/2020;Mexique;7;0;1;0.00;14.29;85.71
09/03/2020;Nigéria;2;0;0;0.00;0.00;100.00
09/03/2020;Malaisie;117;0;24;0.00;20.51;79.49
09/03/2020;Norvège;205;0;1;0.00;0.49;99.51
09/03/2020;Pays-Bas;321;3;0;0.93;0.00;99.07
09/03/2020;Népal;1;0;1;0.00;100.00;0.00
09/03/2020;Nouvelle-Zélande;5;0;0;0.00;0.00;100.00
09/03/2020;Oman;16;0;2;0.00;12.50;87.50
09/03/2020;Pérou;7;0;0;0.00;0.00;100.00
09/03/2020;Philippines;20;1;1;5.00;5.00;90.00
09/03/2020;Pakistan;6;0;1;0.00;16.67;83.33
09/03/2020;Pologne;16;0;0;0.00;0.00;100.00
09/03/2020;Palestine;22;0;0;0.00;0.00;100.00
09/03/2020;Portugal;30;0;0;0.00;0.00;100.00
09/03/2020;Paraguay;1;0;0;0.00;0.00;100.00
09/03/2020;Qatar;18;0;0;0.00;0.00;100.00
09/03/2020;Roumanie;15;0;3;0.00;20.00;80.00
09/03/2020;Serbie;1;0;0;0.00;0.00;100.00
09/03/2020;Fédération de Russie;17;0;3;0.00;17.65;82.35
09/03/2020;Arabie Saoudite;15;0;0;0.00;0.00;100.00
09/03/2020;Suède;248;0;1;0.00;0.40;99.60
09/03/2020;Singapour;150;0;78;0.00;52.00;48.00
09/03/2020;Slovaquie;3;0;0;0.00;0.00;100.00
09/03/2020;Slovénie;16;0;0;0.00;0.00;100.00
09/03/2020;Saint-Marin;36;1;0;2.78;0.00;97.22
09/03/2020;Sénégal;4;0;1;0.00;25.00;75.00
09/03/2020;Togo;1;0;0;0.00;0.00;100.00
09/03/2020;Thaïlande;50;1;31;2.00;62.00;36.00
09/03/2020;Tunisie;2;0;0;0.00;0.00;100.00
09/03/2020;Taïwan;45;1;15;2.22;33.33;64.44
09/03/2020;Ukraine;1;0;0;0.00;0.00;100.00
09/03/2020;États-Unis;605;22;8;3.64;1.32;95.04
09/03/2020;Vatican;1;0;0;0.00;0.00;100.00
09/03/2020;Viet Nam;30;0;16;0.00;53.33;46.67
09/03/2020;Afrique du Sud;3;0;0;0.00;0.00;100.00
09/03/2020;Autres;696;6;40;0.86;5.75;93.39
08/03/2020;Autres;696;6;40;0.86;5.75;93.39
08/03/2020;Afrique du Sud;3;0;0;0.00;0.00;100.00
08/03/2020;Viet Nam;30;0;16;0.00;53.33;46.67
08/03/2020;Vatican;1;0;0;0.00;0.00;100.00
08/03/2020;États-Unis;537;21;8;3.91;1.49;94.60
08/03/2020;Ukraine;1;0;0;0.00;0.00;100.00
08/03/2020;Taïwan;45;1;13;2.22;28.89;68.89
08/03/2020;Tunisie;2;0;0;0.00;0.00;100.00
08/03/2020;Thaïlande;50;1;31;2.00;62.00;36.00
08/03/2020;Togo;1;0;0;0.00;0.00;100.00
08/03/2020;Sénégal;4;0;1;0.00;25.00;75.00
08/03/2020;Saint-Marin;36;1;0;2.78;0.00;97.22
08/03/2020;Slovaquie;3;0;0;0.00;0.00;100.00
08/03/2020;Slovénie;16;0;0;0.00;0.00;100.00
08/03/2020;Singapour;150;0;78;0.00;52.00;48.00
08/03/2020;Suède;203;0;0;0.00;0.00;100.00
08/03/2020;Arabie Saoudite;11;0;0;0.00;0.00;100.00
08/03/2020;Fédération de Russie;17;0;3;0.00;17.65;82.35
08/03/2020;Serbie;1;0;0;0.00;0.00;100.00
08/03/2020;Roumanie;15;0;3;0.00;20.00;80.00
08/03/2020;Qatar;15;0;0;0.00;0.00;100.00
08/03/2020;Portugal;30;0;0;0.00;0.00;100.00
08/03/2020;Palestine;22;0;0;0.00;0.00;100.00
08/03/2020;Paraguay;1;0;0;0.00;0.00;100.00
08/03/2020;Pologne;11;0;0;0.00;0.00;100.00
08/03/2020;Pakistan;6;0;1;0.00;16.67;83.33
08/03/2020;Philippines;10;1;1;10.00;10.00;80.00
08/03/2020;Oman;16;0;2;0.00;12.50;87.50
08/03/2020;Pérou;6;0;0;0.00;0.00;100.00
08/03/2020;Népal;1;0;1;0.00;100.00;0.00
08/03/2020;Nouvelle-Zélande;5;0;0;0.00;0.00;100.00
08/03/2020;Pays-Bas;265;3;0;1.13;0.00;98.87
08/03/2020;Norvège;176;0;0;0.00;0.00;100.00
08/03/2020;Malaisie;99;0;24;0.00;24.24;75.76
08/03/2020;Nigéria;1;0;0;0.00;0.00;100.00
08/03/2020;Macao;10;0;10;0.00;100.00;0.00
08/03/2020;Maldives;4;0;0;0.00;0.00;100.00
08/03/2020;Mexique;7;0;1;0.00;14.29;85.71
08/03/2020;Martinique;2;0;0;0.00;0.00;100.00
08/03/2020;Malte;3;0;0;0.00;0.00;100.00
08/03/2020;Macédoine;3;0;0;0.00;0.00;100.00
08/03/2020;Monaco;1;0;0;0.00;0.00;100.00
08/03/2020;Lettonie;2;0;0;0.00;0.00;100.00
08/03/2020;Luxembourg;3;0;0;0.00;0.00;100.00
08/03/2020;Maroc;2;0;0;0.00;0.00;100.00
08/03/2020;Moldavie;1;0;0;0.00;0.00;100.00
08/03/2020;Lituanie;1;0;0;0.00;0.00;100.00
08/03/2020;Liechtenstein;1;0;0;0.00;0.00;100.00
08/03/2020;Sri Lanka;1;0;1;0.00;100.00;0.00
08/03/2020;Liban;32;0;1;0.00;3.13;96.88
08/03/2020;Koweït;64;0;1;0.00;1.56;98.44
08/03/2020;Corée du Sud;7314;50;118;0.68;1.61;97.70
08/03/2020;Cambodge;2;0;1;0.00;50.00;50.00
08/03/2020;Japon;502;6;76;1.20;15.14;83.67
08/03/2020;Jordanie;1;0;0;0.00;0.00;100.00
08/03/2020;Italie;7375;366;622;4.96;8.43;86.60
08/03/2020;Islande;50;0;0;0.00;0.00;100.00
08/03/2020;Iran;6566;194;2134;2.95;32.50;64.54
08/03/2020;Iraq;60;6;0;10.00;0.00;90.00
08/03/2020;Inde;39;0;3;0.00;7.69;92.31
08/03/2020;Israël;39;0;2;0.00;5.13;94.87
08/03/2020;Irlande;19;0;0;0.00;0.00;100.00
08/03/2020;Indonésie;6;0;0;0.00;0.00;100.00
08/03/2020;Hongrie;7;0;0;0.00;0.00;100.00
08/03/2020;Croatie;12;0;0;0.00;0.00;100.00
08/03/2020;Hong-Kong;114;3;58;2.63;50.88;46.49
08/03/2020;Grèce;73;0;0;0.00;0.00;100.00
08/03/2020;Gibraltar;1;0;0;0.00;0.00;100.00
08/03/2020;Guyane Française;5;0;0;0.00;0.00;100.00
08/03/2020;Géorgie;13;0;0;0.00;0.00;100.00
08/03/2020;Royaume-Uni;273;3;18;1.10;6.59;92.31
08/03/2020;France;1126;19;12;1.69;1.07;97.25
08/03/2020;Îles Féroé;2;0;0;0.00;0.00;100.00
08/03/2020;Finlande;23;0;1;0.00;4.35;95.65
08/03/2020;Espagne;673;17;30;2.53;4.46;93.02
08/03/2020;Égypte;49;1;1;2.04;2.04;95.92
08/03/2020;Estonie;10;0;0;0.00;0.00;100.00
08/03/2020;Équateur;14;0;0;0.00;0.00;100.00
08/03/2020;Algérie;19;0;0;0.00;0.00;100.00
08/03/2020;République Dominicaine;5;0;0;0.00;0.00;100.00
08/03/2020;Danemark;35;0;1;0.00;2.86;97.14
08/03/2020;Allemagne;1040;0;18;0.00;1.73;98.27
08/03/2020;République Tchèque;31;0;0;0.00;0.00;100.00
08/03/2020;Costa Rica;5;0;0;0.00;0.00;100.00
08/03/2020;Colombie;1;0;0;0.00;0.00;100.00
08/03/2020;Cameroun;2;0;0;0.00;0.00;100.00
08/03/2020;Chili;8;0;0;0.00;0.00;100.00
08/03/2020;Chine;80699;3097;57320;3.84;71.03;25.13
08/03/2020;Suisse;337;2;3;0.59;0.89;98.52
08/03/2020;Canada;64;0;8;0.00;12.50;87.50
08/03/2020;Bélarus;6;0;0;0.00;0.00;100.00
08/03/2020;Bhoutan;1;0;0;0.00;0.00;100.00
08/03/2020;Saint Barthélemy;3;0;0;0.00;0.00;100.00
08/03/2020;Brésil;20;0;0;0.00;0.00;100.00
08/03/2020;Bulgarie;4;0;0;0.00;0.00;100.00
08/03/2020;Bahreïn;85;0;4;0.00;4.71;95.29
08/03/2020;Bosnie-Herzégovine;3;0;0;0.00;0.00;100.00
08/03/2020;Bangladesh;3;0;0;0.00;0.00;100.00
08/03/2020;Belgique;200;0;1;0.00;0.50;99.50
08/03/2020;Australie;76;4;21;5.26;27.63;67.11
08/03/2020;Azerbaïdjan;9;0;0;0.00;0.00;100.00
08/03/2020;Autriche;104;0;0;0.00;0.00;100.00
08/03/2020;Afghanistan;4;0;0;0.00;0.00;100.00
08/03/2020;Argentine;12;1;0;8.33;0.00;91.67
08/03/2020;Arménie;1;0;0;0.00;0.00;100.00
08/03/2020;Émirats Arabes Unis;45;0;7;0.00;15.56;84.44
08/03/2020;Andorre;1;0;0;0.00;0.00;100.00
07/03/2020;Andorre;1;0;0;0.00;0.00;100.00
07/03/2020;Émirats Arabes Unis;45;0;7;0.00;15.56;84.44
07/03/2020;Arménie;1;0;0;0.00;0.00;100.00
07/03/2020;Argentine;8;0;0;0.00;0.00;100.00
07/03/2020;Afghanistan;1;0;0;0.00;0.00;100.00
07/03/2020;Autriche;79;0;0;0.00;0.00;100.00
07/03/2020;Azerbaïdjan;9;0;0;0.00;0.00;100.00
07/03/2020;Australie;63;2;21;3.17;33.33;63.49
07/03/2020;Belgique;169;0;1;0.00;0.59;99.41
07/03/2020;Bosnie-Herzégovine;3;0;0;0.00;0.00;100.00
07/03/2020;Bahreïn;85;0;4;0.00;4.71;95.29
07/03/2020;Saint Barthélemy;3;0;0;0.00;0.00;100.00
07/03/2020;Brésil;13;0;0;0.00;0.00;100.00
07/03/2020;Bhoutan;1;0;0;0.00;0.00;100.00
07/03/2020;Bélarus;6;0;0;0.00;0.00;100.00
07/03/2020;Canada;54;0;8;0.00;14.81;85.19
07/03/2020;Suisse;268;1;3;0.37;1.12;98.51
07/03/2020;Chili;4;0;0;0.00;0.00;100.00
07/03/2020;Cameroun;1;0;0;0.00;0.00;100.00
07/03/2020;Chine;80652;3070;55478;3.81;68.79;27.41
07/03/2020;Colombie;1;0;0;0.00;0.00;100.00
07/03/2020;Costa Rica;1;0;0;0.00;0.00;100.00
07/03/2020;Danemark;23;0;1;0.00;4.35;95.65
07/03/2020;Allemagne;799;0;18;0.00;2.25;97.75
07/03/2020;République Dominicaine;2;0;0;0.00;0.00;100.00
07/03/2020;Algérie;17;0;0;0.00;0.00;100.00
07/03/2020;République Tchèque;19;0;0;0.00;0.00;100.00
07/03/2020;Équateur;13;0;0;0.00;0.00;100.00
07/03/2020;Estonie;10;0;0;0.00;0.00;100.00
07/03/2020;Égypte;15;0;1;0.00;6.67;93.33
07/03/2020;Espagne;500;10;30;2.00;6.00;92.00
07/03/2020;Finlande;15;0;1;0.00;6.67;93.33
07/03/2020;France;949;11;12;1.16;1.26;97.58
07/03/2020;Îles Féroé;1;0;0;0.00;0.00;100.00
07/03/2020;Royaume-Uni;206;2;18;0.97;8.74;90.29
07/03/2020;Géorgie;4;0;0;0.00;0.00;100.00
07/03/2020;Guyane Française;5;0;0;0.00;0.00;100.00
07/03/2020;Gibraltar;1;0;0;0.00;0.00;100.00
07/03/2020;Grèce;46;0;0;0.00;0.00;100.00
07/03/2020;Hong-Kong;108;2;51;1.85;47.22;50.93
07/03/2020;Croatie;12;0;0;0.00;0.00;100.00
07/03/2020;Hongrie;4;0;0;0.00;0.00;100.00
07/03/2020;Indonésie;4;0;0;0.00;0.00;100.00
07/03/2020;Irlande;18;0;0;0.00;0.00;100.00
07/03/2020;Israël;21;0;2;0.00;9.52;90.48
07/03/2020;Inde;34;0;3;0.00;8.82;91.18
07/03/2020;Iraq;54;4;0;7.41;0.00;92.59
07/03/2020;Iran;5823;145;1669;2.49;28.66;68.85
07/03/2020;Islande;50;0;0;0.00;0.00;100.00
07/03/2020;Italie;5883;233;589;3.96;10.01;86.03
07/03/2020;Jordanie;1;0;0;0.00;0.00;100.00
07/03/2020;Japon;461;6;76;1.30;16.49;82.21
07/03/2020;Cambodge;1;0;1;0.00;100.00;0.00
07/03/2020;Corée du Sud;7041;44;135;0.62;1.92;97.46
07/03/2020;Koweït;61;0;0;0.00;0.00;100.00
07/03/2020;Liban;22;0;1;0.00;4.55;95.45
07/03/2020;Liechtenstein;1;0;0;0.00;0.00;100.00
07/03/2020;Sri Lanka;1;0;1;0.00;100.00;0.00
07/03/2020;Lituanie;1;0;0;0.00;0.00;100.00
07/03/2020;Luxembourg;2;0;0;0.00;0.00;100.00
07/03/2020;Lettonie;1;0;0;0.00;0.00;100.00
07/03/2020;Maroc;2;0;0;0.00;0.00;100.00
07/03/2020;Monaco;1;0;0;0.00;0.00;100.00
07/03/2020;Macédoine;3;0;0;0.00;0.00;100.00
07/03/2020;Martinique;2;0;0;0.00;0.00;100.00
07/03/2020;Malte;3;0;0;0.00;0.00;100.00
07/03/2020;Macao;10;0;10;0.00;100.00;0.00
07/03/2020;Mexique;6;0;1;0.00;16.67;83.33
07/03/2020;Nigéria;1;0;0;0.00;0.00;100.00
07/03/2020;Malaisie;93;0;23;0.00;24.73;75.27
07/03/2020;Pays-Bas;188;1;0;0.53;0.00;99.47
07/03/2020;Norvège;147;0;0;0.00;0.00;100.00
07/03/2020;Népal;1;0;1;0.00;100.00;0.00
07/03/2020;Nouvelle-Zélande;5;0;0;0.00;0.00;100.00
07/03/2020;Oman;16;0;2;0.00;12.50;87.50
07/03/2020;Pérou;1;0;0;0.00;0.00;100.00
07/03/2020;Philippines;6;1;1;16.67;16.67;66.67
07/03/2020;Pologne;5;0;0;0.00;0.00;100.00
07/03/2020;Pakistan;6;0;0;0.00;0.00;100.00
07/03/2020;Palestine;22;0;0;0.00;0.00;100.00
07/03/2020;Portugal;20;0;0;0.00;0.00;100.00
07/03/2020;Qatar;8;0;0;0.00;0.00;100.00
07/03/2020;Roumanie;9;0;3;0.00;33.33;66.67
07/03/2020;Serbie;1;0;0;0.00;0.00;100.00
07/03/2020;Fédération de Russie;13;0;2;0.00;15.38;84.62
07/03/2020;Arabie Saoudite;5;0;0;0.00;0.00;100.00
07/03/2020;Suède;161;0;0;0.00;0.00;100.00
07/03/2020;Singapour;138;0;78;0.00;56.52;43.48
07/03/2020;Slovénie;7;0;0;0.00;0.00;100.00
07/03/2020;Slovaquie;1;0;0;0.00;0.00;100.00
07/03/2020;Saint-Marin;23;1;0;4.35;0.00;95.65
07/03/2020;Sénégal;4;0;0;0.00;0.00;100.00
07/03/2020;Thaïlande;50;1;31;2.00;62.00;36.00
07/03/2020;Togo;1;0;0;0.00;0.00;100.00
07/03/2020;Tunisie;1;0;0;0.00;0.00;100.00
07/03/2020;Taïwan;45;1;12;2.22;26.67;71.11
07/03/2020;États-Unis;417;17;8;4.08;1.92;94.00
07/03/2020;Ukraine;1;0;0;0.00;0.00;100.00
07/03/2020;Vatican;1;0;0;0.00;0.00;100.00
07/03/2020;Viet Nam;18;0;16;0.00;88.89;11.11
07/03/2020;Afrique du Sud;1;0;0;0.00;0.00;100.00
07/03/2020;Autres;696;6;40;0.86;5.75;93.39
06/03/2020;Autres;696;6;40;0.86;5.75;93.39
06/03/2020;Afrique du Sud;1;0;0;0.00;0.00;100.00
06/03/2020;Viet Nam;16;0;16;0.00;100.00;0.00
06/03/2020;Vatican;1;0;0;0.00;0.00;100.00
06/03/2020;Ukraine;1;0;0;0.00;0.00;100.00
06/03/2020;États-Unis;278;14;8;5.04;2.88;92.09
06/03/2020;Taïwan;45;1;12;2.22;26.67;71.11
06/03/2020;Tunisie;1;0;0;0.00;0.00;100.00
06/03/2020;Thaïlande;48;1;31;2.08;64.58;33.33
06/03/2020;Sénégal;4;0;0;0.00;0.00;100.00
06/03/2020;Togo;1;0;0;0.00;0.00;100.00
06/03/2020;Slovaquie;1;0;0;0.00;0.00;100.00
06/03/2020;Saint-Marin;21;1;0;4.76;0.00;95.24
06/03/2020;Singapour;130;0;78;0.00;60.00;40.00
06/03/2020;Slovénie;7;0;0;0.00;0.00;100.00
06/03/2020;Arabie Saoudite;5;0;0;0.00;0.00;100.00
06/03/2020;Suède;101;0;0;0.00;0.00;100.00
06/03/2020;Serbie;1;0;0;0.00;0.00;100.00
06/03/2020;Fédération de Russie;13;0;2;0.00;15.38;84.62
06/03/2020;Roumanie;9;0;1;0.00;11.11;88.89
06/03/2020;Qatar;8;0;0;0.00;0.00;100.00
06/03/2020;Palestine;16;0;0;0.00;0.00;100.00
06/03/2020;Portugal;13;0;0;0.00;0.00;100.00
06/03/2020;Pakistan;6;0;0;0.00;0.00;100.00
06/03/2020;Pologne;5;0;0;0.00;0.00;100.00
06/03/2020;Pérou;1;0;0;0.00;0.00;100.00
06/03/2020;Philippines;5;1;1;20.00;20.00;60.00
06/03/2020;Oman;16;0;2;0.00;12.50;87.50
06/03/2020;Nouvelle-Zélande;4;0;0;0.00;0.00;100.00
06/03/2020;Népal;1;0;1;0.00;100.00;0.00
06/03/2020;Norvège;108;0;0;0.00;0.00;100.00
06/03/2020;Pays-Bas;128;1;0;0.78;0.00;99.22
06/03/2020;Malaisie;83;0;22;0.00;26.51;73.49
06/03/2020;Nigéria;1;0;0;0.00;0.00;100.00
06/03/2020;Mexique;6;0;1;0.00;16.67;83.33
06/03/2020;Macao;10;0;10;0.00;100.00;0.00
06/03/2020;Macédoine;3;0;0;0.00;0.00;100.00
06/03/2020;Monaco;1;0;0;0.00;0.00;100.00
06/03/2020;Maroc;2;0;0;0.00;0.00;100.00
06/03/2020;Lettonie;1;0;0;0.00;0.00;100.00
06/03/2020;Luxembourg;2;0;0;0.00;0.00;100.00
06/03/2020;Lituanie;1;0;0;0.00;0.00;100.00
06/03/2020;Sri Lanka;1;0;1;0.00;100.00;0.00
06/03/2020;Liechtenstein;1;0;0;0.00;0.00;100.00
06/03/2020;Liban;22;0;1;0.00;4.55;95.45
06/03/2020;Koweït;58;0;0;0.00;0.00;100.00
06/03/2020;Corée du Sud;6593;42;135;0.64;2.05;97.32
06/03/2020;Cambodge;1;0;1;0.00;100.00;0.00
06/03/2020;Japon;420;6;46;1.43;10.95;87.62
06/03/2020;Jordanie;1;0;0;0.00;0.00;100.00
06/03/2020;Italie;4636;197;523;4.25;11.28;84.47
06/03/2020;Iran;4747;124;913;2.61;19.23;78.15
06/03/2020;Iraq;40;3;0;7.50;0.00;92.50
06/03/2020;Islande;43;0;0;0.00;0.00;100.00
06/03/2020;Inde;31;0;3;0.00;9.68;90.32
06/03/2020;Israël;21;0;2;0.00;9.52;90.48
06/03/2020;Irlande;18;0;0;0.00;0.00;100.00
06/03/2020;Indonésie;4;0;0;0.00;0.00;100.00
06/03/2020;Hongrie;2;0;0;0.00;0.00;100.00
06/03/2020;Croatie;11;0;0;0.00;0.00;100.00
06/03/2020;Hong-Kong;107;2;46;1.87;42.99;55.14
06/03/2020;Grèce;45;0;0;0.00;0.00;100.00
06/03/2020;Gibraltar;1;0;0;0.00;0.00;100.00
06/03/2020;Géorgie;4;0;0;0.00;0.00;100.00
06/03/2020;France;653;9;12;1.38;1.84;96.78
06/03/2020;Royaume-Uni;163;2;8;1.23;4.91;93.87
06/03/2020;Finlande;15;0;1;0.00;6.67;93.33
06/03/2020;Îles Féroé;1;0;0;0.00;0.00;100.00
06/03/2020;Égypte;15;0;1;0.00;6.67;93.33
06/03/2020;Espagne;400;5;2;1.25;0.50;98.25
06/03/2020;Estonie;10;0;0;0.00;0.00;100.00
06/03/2020;Équateur;13;0;0;0.00;0.00;100.00
06/03/2020;République Dominicaine;2;0;0;0.00;0.00;100.00
06/03/2020;Algérie;17;0;0;0.00;0.00;100.00
06/03/2020;Allemagne;670;0;17;0.00;2.54;97.46
06/03/2020;Danemark;23;0;1;0.00;4.35;95.65
06/03/2020;Costa Rica;1;0;0;0.00;0.00;100.00
06/03/2020;République Tchèque;18;0;0;0.00;0.00;100.00
06/03/2020;Colombie;1;0;0;0.00;0.00;100.00
06/03/2020;Chine;80573;3042;53888;3.78;66.88;29.34
06/03/2020;Chili;4;0;0;0.00;0.00;100.00
06/03/2020;Cameroun;1;0;0;0.00;0.00;100.00
06/03/2020;Suisse;214;1;3;0.47;1.40;98.13
06/03/2020;Canada;49;0;6;0.00;12.24;87.76
06/03/2020;Bhoutan;1;0;0;0.00;0.00;100.00
06/03/2020;Bélarus;6;0;0;0.00;0.00;100.00
06/03/2020;Saint Barthélemy;3;0;0;0.00;0.00;100.00
06/03/2020;Brésil;13;0;0;0.00;0.00;100.00
06/03/2020;Bahreïn;60;0;4;0.00;6.67;93.33
06/03/2020;Bosnie-Herzégovine;2;0;0;0.00;0.00;100.00
06/03/2020;Belgique;109;0;1;0.00;0.92;99.08
06/03/2020;Australie;60;2;21;3.33;35.00;61.67
06/03/2020;Azerbaïdjan;6;0;0;0.00;0.00;100.00
06/03/2020;Autriche;55;0;0;0.00;0.00;100.00
06/03/2020;Argentine;2;0;0;0.00;0.00;100.00
06/03/2020;Arménie;1;0;0;0.00;0.00;100.00
06/03/2020;Afghanistan;1;0;0;0.00;0.00;100.00
06/03/2020;Émirats Arabes Unis;29;0;5;0.00;17.24;82.76
06/03/2020;Andorre;1;0;0;0.00;0.00;100.00
05/03/2020;Émirats Arabes Unis;29;0;5;0.00;17.24;82.76
05/03/2020;Andorre;1;0;0;0.00;0.00;100.00
05/03/2020;Afghanistan;1;0;0;0.00;0.00;100.00
05/03/2020;Arménie;1;0;0;0.00;0.00;100.00
05/03/2020;Argentine;1;0;0;0.00;0.00;100.00
05/03/2020;Autriche;41;0;0;0.00;0.00;100.00
05/03/2020;Australie;55;2;21;3.64;38.18;58.18
05/03/2020;Azerbaïdjan;6;0;0;0.00;0.00;100.00
05/03/2020;Bosnie-Herzégovine;2;0;0;0.00;0.00;100.00
05/03/2020;Belgique;50;0;1;0.00;2.00;98.00
05/03/2020;Bahreïn;55;0;0;0.00;0.00;100.00
05/03/2020;Saint Barthélemy;3;0;0;0.00;0.00;100.00
05/03/2020;Brésil;4;0;0;0.00;0.00;100.00
05/03/2020;Bélarus;6;0;0;0.00;0.00;100.00
05/03/2020;Canada;37;0;6;0.00;16.22;83.78
05/03/2020;Suisse;114;1;3;0.88;2.63;96.49
05/03/2020;Chili;4;0;0;0.00;0.00;100.00
05/03/2020;Chine;80422;3013;52240;3.75;64.96;31.30
05/03/2020;Danemark;10;0;0;0.00;0.00;100.00
05/03/2020;République Dominicaine;1;0;0;0.00;0.00;100.00
05/03/2020;Algérie;12;0;0;0.00;0.00;100.00
05/03/2020;République Tchèque;12;0;0;0.00;0.00;100.00
05/03/2020;Allemagne;482;0;16;0.00;3.32;96.68
05/03/2020;Équateur;13;0;0;0.00;0.00;100.00
05/03/2020;Estonie;3;0;0;0.00;0.00;100.00
05/03/2020;Égypte;3;0;1;0.00;33.33;66.67
05/03/2020;Îles Féroé;1;0;0;0.00;0.00;100.00
05/03/2020;France;377;6;12;1.59;3.18;95.23
05/03/2020;Espagne;259;3;2;1.16;0.77;98.07
05/03/2020;Finlande;12;0;1;0.00;8.33;91.67
05/03/2020;Royaume-Uni;115;1;8;0.87;6.96;92.17
05/03/2020;Géorgie;4;0;0;0.00;0.00;100.00
05/03/2020;Gibraltar;1;0;0;0.00;0.00;100.00
05/03/2020;Grèce;31;0;0;0.00;0.00;100.00
05/03/2020;Hong-Kong;105;2;43;1.90;40.95;57.14
05/03/2020;Croatie;10;0;0;0.00;0.00;100.00
05/03/2020;Hongrie;2;0;0;0.00;0.00;100.00
05/03/2020;Indonésie;2;0;0;0.00;0.00;100.00
05/03/2020;Israël;16;0;1;0.00;6.25;93.75
05/03/2020;Irlande;6;0;0;0.00;0.00;100.00
05/03/2020;Islande;34;0;0;0.00;0.00;100.00
05/03/2020;Iraq;35;2;0;5.71;0.00;94.29
05/03/2020;Iran;3513;107;739;3.05;21.04;75.92
05/03/2020;Inde;30;0;3;0.00;10.00;90.00
05/03/2020;Italie;3858;148;414;3.84;10.73;85.43
05/03/2020;Jordanie;1;0;0;0.00;0.00;100.00
05/03/2020;Japon;360;6;43;1.67;11.94;86.39
05/03/2020;Cambodge;1;0;1;0.00;100.00;0.00
05/03/2020;Koweït;58;0;0;0.00;0.00;100.00
05/03/2020;Corée du Sud;6088;35;41;0.57;0.67;98.75
05/03/2020;Liechtenstein;1;0;0;0.00;0.00;100.00
05/03/2020;Liban;16;0;1;0.00;6.25;93.75
05/03/2020;Sri Lanka;1;0;1;0.00;100.00;0.00
05/03/2020;Lituanie;1;0;0;0.00;0.00;100.00
05/03/2020;Lettonie;1;0;0;0.00;0.00;100.00
05/03/2020;Luxembourg;1;0;0;0.00;0.00;100.00
05/03/2020;Maroc;2;0;0;0.00;0.00;100.00
05/03/2020;Monaco;1;0;0;0.00;0.00;100.00
05/03/2020;Macédoine;1;0;0;0.00;0.00;100.00
05/03/2020;Macao;10;0;9;0.00;90.00;10.00
05/03/2020;Mexique;5;0;1;0.00;20.00;80.00
05/03/2020;Malaisie;50;0;22;0.00;44.00;56.00
05/03/2020;Nigéria;1;0;0;0.00;0.00;100.00
05/03/2020;Pays-Bas;82;0;0;0.00;0.00;100.00
05/03/2020;Norvège;87;0;0;0.00;0.00;100.00
05/03/2020;Népal;1;0;1;0.00;100.00;0.00
05/03/2020;Nouvelle-Zélande;3;0;0;0.00;0.00;100.00
05/03/2020;Oman;16;0;2;0.00;12.50;87.50
05/03/2020;Philippines;3;1;1;33.33;33.33;33.33
05/03/2020;Pologne;1;0;0;0.00;0.00;100.00
05/03/2020;Palestine;4;0;0;0.00;0.00;100.00
05/03/2020;Qatar;8;0;0;0.00;0.00;100.00
05/03/2020;Portugal;8;0;0;0.00;0.00;100.00
05/03/2020;Pakistan;5;0;0;0.00;0.00;100.00
05/03/2020;Roumanie;6;0;1;0.00;16.67;83.33
05/03/2020;Fédération de Russie;4;0;2;0.00;50.00;50.00
05/03/2020;Arabie Saoudite;5;0;0;0.00;0.00;100.00
05/03/2020;Singapour;117;0;78;0.00;66.67;33.33
05/03/2020;Slovénie;2;0;0;0.00;0.00;100.00
05/03/2020;Saint-Marin;21;1;0;4.76;0.00;95.24
05/03/2020;Sénégal;4;0;0;0.00;0.00;100.00
05/03/2020;Thaïlande;47;1;31;2.13;65.96;31.91
05/03/2020;Suède;94;0;0;0.00;0.00;100.00
05/03/2020;Tunisie;1;0;0;0.00;0.00;100.00
05/03/2020;Taïwan;44;1;12;2.27;27.27;70.45
05/03/2020;Ukraine;1;0;0;0.00;0.00;100.00
05/03/2020;États-Unis;221;12;8;5.43;3.62;90.95
05/03/2020;Viet Nam;16;0;16;0.00;100.00;0.00
05/03/2020;Afrique du Sud;1;0;0;0.00;0.00;100.00
05/03/2020;Autres;706;6;10;0.85;1.42;97.73
04/03/2020;Autres;706;6;10;0.85;1.42;97.73
04/03/2020;Viet Nam;16;0;16;0.00;100.00;0.00
04/03/2020;États-Unis;153;11;8;7.19;5.23;87.58
04/03/2020;Ukraine;1;0;0;0.00;0.00;100.00
04/03/2020;Taïwan;42;1;12;2.38;28.57;69.05
04/03/2020;Tunisie;1;0;0;0.00;0.00;100.00
04/03/2020;Suède;35;0;0;0.00;0.00;100.00
04/03/2020;Thaïlande;43;1;31;2.33;72.09;25.58
04/03/2020;Sénégal;4;0;0;0.00;0.00;100.00
04/03/2020;Saint-Marin;16;1;0;6.25;0.00;93.75
04/03/2020;Singapour;110;0;78;0.00;70.91;29.09
04/03/2020;Arabie Saoudite;1;0;0;0.00;0.00;100.00
04/03/2020;Fédération de Russie;3;0;2;0.00;66.67;33.33
04/03/2020;Roumanie;4;0;1;0.00;25.00;75.00
04/03/2020;Qatar;8;0;0;0.00;0.00;100.00
04/03/2020;Pakistan;5;0;0;0.00;0.00;100.00
04/03/2020;Philippines;3;1;1;33.33;33.33;33.33
04/03/2020;Portugal;5;0;0;0.00;0.00;100.00
04/03/2020;Pologne;1;0;0;0.00;0.00;100.00
04/03/2020;Oman;15;0;2;0.00;13.33;86.67
04/03/2020;Nouvelle-Zélande;3;0;0;0.00;0.00;100.00
04/03/2020;Népal;1;0;1;0.00;100.00;0.00
04/03/2020;Nigéria;1;0;0;0.00;0.00;100.00
04/03/2020;Norvège;56;0;0;0.00;0.00;100.00
04/03/2020;Pays-Bas;38;0;0;0.00;0.00;100.00
04/03/2020;Malaisie;50;0;22;0.00;44.00;56.00
04/03/2020;Mexique;5;0;1;0.00;20.00;80.00
04/03/2020;Macao;10;0;9;0.00;90.00;10.00
04/03/2020;Macédoine;1;0;0;0.00;0.00;100.00
04/03/2020;Monaco;1;0;0;0.00;0.00;100.00
04/03/2020;Maroc;1;0;0;0.00;0.00;100.00
04/03/2020;Luxembourg;1;0;0;0.00;0.00;100.00
04/03/2020;Lettonie;1;0;0;0.00;0.00;100.00
04/03/2020;Lituanie;1;0;0;0.00;0.00;100.00
04/03/2020;Sri Lanka;1;0;1;0.00;100.00;0.00
04/03/2020;Liechtenstein;1;0;0;0.00;0.00;100.00
04/03/2020;Corée du Sud;5621;35;41;0.62;0.73;98.65
04/03/2020;Koweït;56;0;0;0.00;0.00;100.00
04/03/2020;Liban;13;0;1;0.00;7.69;92.31
04/03/2020;Cambodge;1;0;1;0.00;100.00;0.00
04/03/2020;Japon;331;6;43;1.81;12.99;85.20
04/03/2020;Jordanie;1;0;0;0.00;0.00;100.00
04/03/2020;Italie;3089;107;276;3.46;8.93;87.60
04/03/2020;Inde;28;0;3;0.00;10.71;89.29
04/03/2020;Iraq;35;2;0;5.71;0.00;94.29
04/03/2020;Islande;26;0;0;0.00;0.00;100.00
04/03/2020;Iran;2922;92;552;3.15;18.89;77.96
04/03/2020;Irlande;6;0;0;0.00;0.00;100.00
04/03/2020;Israël;15;0;1;0.00;6.67;93.33
04/03/2020;Indonésie;2;0;0;0.00;0.00;100.00
04/03/2020;Hongrie;2;0;0;0.00;0.00;100.00
04/03/2020;Croatie;10;0;0;0.00;0.00;100.00
04/03/2020;Hong-Kong;105;2;37;1.90;35.24;62.86
04/03/2020;Grèce;9;0;0;0.00;0.00;100.00
04/03/2020;Gibraltar;1;0;0;0.00;0.00;100.00
04/03/2020;Géorgie;3;0;0;0.00;0.00;100.00
04/03/2020;Royaume-Uni;85;0;8;0.00;9.41;90.59
04/03/2020;Îles Féroé;1;0;0;0.00;0.00;100.00
04/03/2020;Finlande;6;0;1;0.00;16.67;83.33
04/03/2020;Espagne;222;2;2;0.90;0.90;98.20
04/03/2020;France;285;4;12;1.40;4.21;94.39
04/03/2020;Égypte;2;0;1;0.00;50.00;50.00
04/03/2020;Estonie;2;0;0;0.00;0.00;100.00
04/03/2020;Équateur;10;0;0;0.00;0.00;100.00
04/03/2020;Algérie;12;0;0;0.00;0.00;100.00
04/03/2020;Allemagne;262;0;16;0.00;6.11;93.89
04/03/2020;République Tchèque;8;0;0;0.00;0.00;100.00
04/03/2020;Danemark;10;0;0;0.00;0.00;100.00
04/03/2020;République Dominicaine;1;0;0;0.00;0.00;100.00
04/03/2020;Chine;80271;2981;49955;3.71;62.23;34.05
04/03/2020;Chili;1;0;0;0.00;0.00;100.00
04/03/2020;Suisse;90;0;3;0.00;3.33;96.67
04/03/2020;Bélarus;6;0;0;0.00;0.00;100.00
04/03/2020;Canada;33;0;6;0.00;18.18;81.82
04/03/2020;Bahreïn;52;0;0;0.00;0.00;100.00
04/03/2020;Brésil;4;0;0;0.00;0.00;100.00
04/03/2020;Saint Barthélemy;3;0;0;0.00;0.00;100.00
04/03/2020;Belgique;23;0;1;0.00;4.35;95.65
04/03/2020;Azerbaïdjan;3;0;0;0.00;0.00;100.00
04/03/2020;Australie;52;2;11;3.85;21.15;75.00
04/03/2020;Autriche;29;0;0;0.00;0.00;100.00
04/03/2020;Argentine;1;0;0;0.00;0.00;100.00
04/03/2020;Arménie;1;0;0;0.00;0.00;100.00
04/03/2020;Afghanistan;1;0;0;0.00;0.00;100.00
04/03/2020;Andorre;1;0;0;0.00;0.00;100.00
04/03/2020;Émirats Arabes Unis;27;0;5;0.00;18.52;81.48
03/03/2020;Émirats Arabes Unis;27;0;5;0.00;18.52;81.48
03/03/2020;Andorre;1;0;0;0.00;0.00;100.00
03/03/2020;Afghanistan;1;0;0;0.00;0.00;100.00
03/03/2020;Arménie;1;0;0;0.00;0.00;100.00
03/03/2020;Argentine;1;0;0;0.00;0.00;100.00
03/03/2020;Autriche;21;0;0;0.00;0.00;100.00
03/03/2020;Australie;39;1;11;2.56;28.21;69.23
03/03/2020;Azerbaïdjan;3;0;0;0.00;0.00;100.00
03/03/2020;Belgique;13;0;1;0.00;7.69;92.31
03/03/2020;Bahreïn;49;0;0;0.00;0.00;100.00
03/03/2020;Canada;30;0;6;0.00;20.00;80.00
03/03/2020;Brésil;2;0;0;0.00;0.00;100.00
03/03/2020;Bélarus;1;0;0;0.00;0.00;100.00
03/03/2020;Chili;1;0;0;0.00;0.00;100.00
03/03/2020;Suisse;56;0;2;0.00;3.57;96.43
03/03/2020;Chine;80151;2945;47404;3.67;59.14;37.18
03/03/2020;Danemark;6;0;0;0.00;0.00;100.00
03/03/2020;République Dominicaine;1;0;0;0.00;0.00;100.00
03/03/2020;République Tchèque;5;0;0;0.00;0.00;100.00
03/03/2020;Allemagne;196;0;16;0.00;8.16;91.84
03/03/2020;Algérie;5;0;0;0.00;0.00;100.00
03/03/2020;Équateur;7;0;0;0.00;0.00;100.00
03/03/2020;Estonie;2;0;0;0.00;0.00;100.00
03/03/2020;Égypte;2;0;1;0.00;50.00;50.00
03/03/2020;Espagne;165;1;2;0.61;1.21;98.18
03/03/2020;Finlande;6;0;1;0.00;16.67;83.33
03/03/2020;France;204;4;12;1.96;5.88;92.16
03/03/2020;Royaume-Uni;51;0;8;0.00;15.69;84.31
03/03/2020;Géorgie;3;0;0;0.00;0.00;100.00
03/03/2020;Grèce;7;0;0;0.00;0.00;100.00
03/03/2020;Hong-Kong;100;2;37;2.00;37.00;61.00
03/03/2020;Croatie;9;0;0;0.00;0.00;100.00
03/03/2020;Israël;12;0;1;0.00;8.33;91.67
03/03/2020;Irlande;2;0;0;0.00;0.00;100.00
03/03/2020;Indonésie;2;0;0;0.00;0.00;100.00
03/03/2020;Islande;11;0;0;0.00;0.00;100.00
03/03/2020;Iraq;32;0;0;0.00;0.00;100.00
03/03/2020;Iran;2336;77;291;3.30;12.46;84.25
03/03/2020;Inde;5;0;3;0.00;60.00;40.00
03/03/2020;Italie;2502;79;160;3.16;6.39;90.45
03/03/2020;Jordanie;1;0;0;0.00;0.00;100.00
03/03/2020;Japon;293;6;43;2.05;14.68;83.28
03/03/2020;Cambodge;1;0;1;0.00;100.00;0.00
03/03/2020;Liban;13;0;0;0.00;0.00;100.00
03/03/2020;Koweït;56;0;0;0.00;0.00;100.00
03/03/2020;Corée du Sud;5186;28;30;0.54;0.58;98.88
03/03/2020;Lituanie;1;0;0;0.00;0.00;100.00
03/03/2020;Sri Lanka;1;0;1;0.00;100.00;0.00
03/03/2020;Lettonie;1;0;0;0.00;0.00;100.00
03/03/2020;Luxembourg;1;0;0;0.00;0.00;100.00
03/03/2020;Maroc;1;0;0;0.00;0.00;100.00
03/03/2020;Monaco;1;0;0;0.00;0.00;100.00
03/03/2020;Macédoine;1;0;0;0.00;0.00;100.00
03/03/2020;Macao;10;0;9;0.00;90.00;10.00
03/03/2020;Mexique;5;0;1;0.00;20.00;80.00
03/03/2020;Malaisie;36;0;22;0.00;61.11;38.89
03/03/2020;Nigéria;1;0;0;0.00;0.00;100.00
03/03/2020;Pays-Bas;24;0;0;0.00;0.00;100.00
03/03/2020;Norvège;32;0;0;0.00;0.00;100.00
03/03/2020;Népal;1;0;1;0.00;100.00;0.00
03/03/2020;Nouvelle-Zélande;1;0;0;0.00;0.00;100.00
03/03/2020;Oman;12;0;2;0.00;16.67;83.33
03/03/2020;Philippines;3;1;1;33.33;33.33;33.33
03/03/2020;Portugal;2;0;0;0.00;0.00;100.00
03/03/2020;Pakistan;5;0;0;0.00;0.00;100.00
03/03/2020;Roumanie;3;0;0;0.00;0.00;100.00
03/03/2020;Qatar;7;0;0;0.00;0.00;100.00
03/03/2020;Fédération de Russie;3;0;2;0.00;66.67;33.33
03/03/2020;Arabie Saoudite;1;0;0;0.00;0.00;100.00
03/03/2020;Suède;21;0;0;0.00;0.00;100.00
03/03/2020;Singapour;110;0;78;0.00;70.91;29.09
03/03/2020;Saint-Marin;10;1;0;10.00;0.00;90.00
03/03/2020;Sénégal;2;0;0;0.00;0.00;100.00
03/03/2020;Thaïlande;43;1;31;2.33;72.09;25.58
03/03/2020;Taïwan;42;1;12;2.38;28.57;69.05
03/03/2020;Ukraine;1;0;0;0.00;0.00;100.00
03/03/2020;États-Unis;122;7;8;5.74;6.56;87.70
03/03/2020;Viet Nam;16;0;16;0.00;100.00;0.00
03/03/2020;Autres;706;6;10;0.85;1.42;97.73
02/03/2020;Autres;705;6;10;0.85;1.42;97.73
02/03/2020;Viet Nam;16;0;16;0.00;100.00;0.00
02/03/2020;États-Unis;101;6;7;5.94;6.93;87.13
02/03/2020;Taïwan;41;1;12;2.44;29.27;68.29
02/03/2020;Thaïlande;43;1;31;2.33;72.09;25.58
02/03/2020;Saint-Marin;8;0;0;0.00;0.00;100.00
02/03/2020;Sénégal;1;0;0;0.00;0.00;100.00
02/03/2020;Singapour;108;0;78;0.00;72.22;27.78
02/03/2020;Suède;15;0;0;0.00;0.00;100.00
02/03/2020;Arabie Saoudite;1;0;0;0.00;0.00;100.00
02/03/2020;Fédération de Russie;3;0;2;0.00;66.67;33.33
02/03/2020;Qatar;3;0;0;0.00;0.00;100.00
02/03/2020;Roumanie;3;0;0;0.00;0.00;100.00
02/03/2020;Pakistan;4;0;0;0.00;0.00;100.00
02/03/2020;Portugal;2;0;0;0.00;0.00;100.00
02/03/2020;Philippines;3;1;1;33.33;33.33;33.33
02/03/2020;Oman;6;0;1;0.00;16.67;83.33
02/03/2020;Nouvelle-Zélande;1;0;0;0.00;0.00;100.00
02/03/2020;Népal;1;0;1;0.00;100.00;0.00
02/03/2020;Norvège;25;0;0;0.00;0.00;100.00
02/03/2020;Pays-Bas;18;0;0;0.00;0.00;100.00
02/03/2020;Nigéria;1;0;0;0.00;0.00;100.00
02/03/2020;Malaisie;29;0;18;0.00;62.07;37.93
02/03/2020;Mexique;5;0;0;0.00;0.00;100.00
02/03/2020;Macao;10;0;8;0.00;80.00;20.00
02/03/2020;Macédoine;1;0;0;0.00;0.00;100.00
02/03/2020;Monaco;1;0;0;0.00;0.00;100.00
02/03/2020;Maroc;1;0;0;0.00;0.00;100.00
02/03/2020;Luxembourg;1;0;0;0.00;0.00;100.00
02/03/2020;Lettonie;1;0;0;0.00;0.00;100.00
02/03/2020;Lituanie;1;0;0;0.00;0.00;100.00
02/03/2020;Sri Lanka;1;0;1;0.00;100.00;0.00
02/03/2020;Corée du Sud;4335;28;30;0.65;0.69;98.66
02/03/2020;Koweït;56;0;0;0.00;0.00;100.00
02/03/2020;Liban;13;0;0;0.00;0.00;100.00
02/03/2020;Cambodge;1;0;1;0.00;100.00;0.00
02/03/2020;Japon;274;6;32;2.19;11.68;86.13
02/03/2020;Italie;2036;52;149;2.55;7.32;90.13
02/03/2020;Inde;5;0;3;0.00;60.00;40.00
02/03/2020;Iran;1501;66;291;4.40;19.39;76.22
02/03/2020;Iraq;26;0;0;0.00;0.00;100.00
02/03/2020;Islande;6;0;0;0.00;0.00;100.00
02/03/2020;Irlande;1;0;0;0.00;0.00;100.00
02/03/2020;Israël;10;0;1;0.00;10.00;90.00
02/03/2020;Croatie;7;0;0;0.00;0.00;100.00
02/03/2020;Indonésie;2;0;0;0.00;0.00;100.00
02/03/2020;Hong-Kong;100;2;36;2.00;36.00;62.00
02/03/2020;Grèce;7;0;0;0.00;0.00;100.00
02/03/2020;Géorgie;3;0;0;0.00;0.00;100.00
02/03/2020;Royaume-Uni;40;0;8;0.00;20.00;80.00
02/03/2020;Finlande;6;0;1;0.00;16.67;83.33
02/03/2020;Espagne;120;0;2;0.00;1.67;98.33
02/03/2020;France;191;3;12;1.57;6.28;92.15
02/03/2020;Égypte;2;0;1;0.00;50.00;50.00
02/03/2020;Estonie;1;0;0;0.00;0.00;100.00
02/03/2020;Équateur;6;0;0;0.00;0.00;100.00
02/03/2020;Allemagne;159;0;16;0.00;10.06;89.94
02/03/2020;République Tchèque;3;0;0;0.00;0.00;100.00
02/03/2020;République Dominicaine;1;0;0;0.00;0.00;100.00
02/03/2020;Danemark;4;0;0;0.00;0.00;100.00
02/03/2020;Algérie;3;0;0;0.00;0.00;100.00
02/03/2020;Chine;80026;2912;44810;3.64;55.99;40.37
02/03/2020;Suisse;42;0;0;0.00;0.00;100.00
02/03/2020;Bélarus;1;0;0;0.00;0.00;100.00
02/03/2020;Canada;27;0;6;0.00;22.22;77.78
02/03/2020;Bahreïn;49;0;0;0.00;0.00;100.00
02/03/2020;Brésil;2;0;0;0.00;0.00;100.00
02/03/2020;Belgique;8;0;1;0.00;12.50;87.50
02/03/2020;Azerbaïdjan;3;0;0;0.00;0.00;100.00
02/03/2020;Australie;30;1;11;3.33;36.67;60.00
02/03/2020;Autriche;18;0;0;0.00;0.00;100.00
02/03/2020;Arménie;1;0;0;0.00;0.00;100.00
02/03/2020;Afghanistan;1;0;0;0.00;0.00;100.00
02/03/2020;Andorre;1;0;0;0.00;0.00;100.00
02/03/2020;Émirats Arabes Unis;21;0;5;0.00;23.81;76.19
01/03/2020;Émirats Arabes Unis;21;0;5;0.00;23.81;76.19
01/03/2020;Arménie;1;0;0;0.00;0.00;100.00
01/03/2020;Afghanistan;1;0;0;0.00;0.00;100.00
01/03/2020;Autriche;14;0;0;0.00;0.00;100.00
01/03/2020;Australie;27;1;11;3.70;40.74;55.56
01/03/2020;Azerbaïdjan;3;0;0;0.00;0.00;100.00
01/03/2020;Belgique;2;0;1;0.00;50.00;50.00
01/03/2020;Bahreïn;47;0;0;0.00;0.00;100.00
01/03/2020;Canada;24;0;6;0.00;25.00;75.00
01/03/2020;Bélarus;1;0;0;0.00;0.00;100.00
01/03/2020;Brésil;2;0;0;0.00;0.00;100.00
01/03/2020;Suisse;27;0;0;0.00;0.00;100.00
01/03/2020;Chine;79826;2870;42118;3.60;52.76;43.64
01/03/2020;Algérie;1;0;0;0.00;0.00;100.00
01/03/2020;Danemark;4;0;0;0.00;0.00;100.00
01/03/2020;République Dominicaine;1;0;0;0.00;0.00;100.00
01/03/2020;République Tchèque;3;0;0;0.00;0.00;100.00
01/03/2020;Allemagne;130;0;16;0.00;12.31;87.69
01/03/2020;Équateur;6;0;0;0.00;0.00;100.00
01/03/2020;Estonie;1;0;0;0.00;0.00;100.00
01/03/2020;Égypte;2;0;1;0.00;50.00;50.00
01/03/2020;France;130;2;12;1.54;9.23;89.23
01/03/2020;Espagne;84;0;2;0.00;2.38;97.62
01/03/2020;Finlande;6;0;1;0.00;16.67;83.33
01/03/2020;Royaume-Uni;36;0;8;0.00;22.22;77.78
01/03/2020;Géorgie;3;0;0;0.00;0.00;100.00
01/03/2020;Grèce;7;0;0;0.00;0.00;100.00
01/03/2020;Hong-Kong;96;2;36;2.08;37.50;60.42
01/03/2020;Croatie;7;0;0;0.00;0.00;100.00
01/03/2020;Irlande;1;0;0;0.00;0.00;100.00
01/03/2020;Israël;10;0;1;0.00;10.00;90.00
01/03/2020;Islande;3;0;0;0.00;0.00;100.00
01/03/2020;Iran;978;54;175;5.52;17.89;76.58
01/03/2020;Inde;3;0;3;0.00;100.00;0.00
01/03/2020;Iraq;19;0;0;0.00;0.00;100.00
01/03/2020;Italie;1694;34;83;2.01;4.90;93.09
01/03/2020;Japon;256;6;32;2.34;12.50;85.16
01/03/2020;Cambodge;1;0;1;0.00;100.00;0.00
01/03/2020;Koweït;45;0;0;0.00;0.00;100.00
01/03/2020;Corée du Sud;3736;17;30;0.46;0.80;98.74
01/03/2020;Sri Lanka;1;0;1;0.00;100.00;0.00
01/03/2020;Liban;10;0;0;0.00;0.00;100.00
01/03/2020;Lituanie;1;0;0;0.00;0.00;100.00
01/03/2020;Luxembourg;1;0;0;0.00;0.00;100.00
01/03/2020;Monaco;1;0;0;0.00;0.00;100.00
01/03/2020;Macédoine;1;0;0;0.00;0.00;100.00
01/03/2020;Macao;10;0;8;0.00;80.00;20.00
01/03/2020;Malaisie;29;0;18;0.00;62.07;37.93
01/03/2020;Mexique;5;0;0;0.00;0.00;100.00
01/03/2020;Nigéria;1;0;0;0.00;0.00;100.00
01/03/2020;Népal;1;0;1;0.00;100.00;0.00
01/03/2020;Norvège;19;0;0;0.00;0.00;100.00
01/03/2020;Pays-Bas;10;0;0;0.00;0.00;100.00
01/03/2020;Nouvelle-Zélande;1;0;0;0.00;0.00;100.00
01/03/2020;Oman;6;0;1;0.00;16.67;83.33
01/03/2020;Philippines;3;1;1;33.33;33.33;33.33
01/03/2020;Qatar;3;0;0;0.00;0.00;100.00
01/03/2020;Roumanie;3;0;0;0.00;0.00;100.00
01/03/2020;Pakistan;4;0;0;0.00;0.00;100.00
01/03/2020;Fédération de Russie;2;0;2;0.00;100.00;0.00
01/03/2020;Singapour;106;0;72;0.00;67.92;32.08
01/03/2020;Saint-Marin;1;0;0;0.00;0.00;100.00
01/03/2020;Thaïlande;42;1;28;2.38;66.67;30.95
01/03/2020;Suède;14;0;0;0.00;0.00;100.00
01/03/2020;Taïwan;40;1;9;2.50;22.50;75.00
01/03/2020;États-Unis;76;1;7;1.32;9.21;89.47
01/03/2020;Viet Nam;16;0;16;0.00;100.00;0.00
01/03/2020;Autres;705;6;10;0.85;1.42;97.73
29/02/2020;Autres;705;6;10;0.85;1.42;97.73
29/02/2020;États-Unis;70;1;7;1.43;10.00;88.57
29/02/2020;Viet Nam;16;0;16;0.00;100.00;0.00
29/02/2020;Taïwan;39;1;9;2.56;23.08;74.36
29/02/2020;Thaïlande;42;0;28;0.00;66.67;33.33
29/02/2020;Saint-Marin;1;0;0;0.00;0.00;100.00
29/02/2020;Singapour;102;0;72;0.00;70.59;29.41
29/02/2020;Fédération de Russie;2;0;2;0.00;100.00;0.00
29/02/2020;Roumanie;3;0;0;0.00;0.00;100.00
29/02/2020;Suède;12;0;0;0.00;0.00;100.00
29/02/2020;Qatar;1;0;0;0.00;0.00;100.00
29/02/2020;Pakistan;4;0;0;0.00;0.00;100.00
29/02/2020;Philippines;3;1;1;33.33;33.33;33.33
29/02/2020;Oman;6;0;1;0.00;16.67;83.33
29/02/2020;Nouvelle-Zélande;1;0;0;0.00;0.00;100.00
29/02/2020;Népal;1;0;1;0.00;100.00;0.00
29/02/2020;Pays-Bas;6;0;0;0.00;0.00;100.00
29/02/2020;Norvège;15;0;0;0.00;0.00;100.00
29/02/2020;Nigéria;1;0;0;0.00;0.00;100.00
29/02/2020;Malaisie;25;0;18;0.00;72.00;28.00
29/02/2020;Mexique;4;0;0;0.00;0.00;100.00
29/02/2020;Macao;10;0;8;0.00;80.00;20.00
29/02/2020;Monaco;1;0;0;0.00;0.00;100.00
29/02/2020;Macédoine;1;0;0;0.00;0.00;100.00
29/02/2020;Luxembourg;1;0;0;0.00;0.00;100.00
29/02/2020;Lituanie;1;0;0;0.00;0.00;100.00
29/02/2020;Sri Lanka;1;0;1;0.00;100.00;0.00
29/02/2020;Corée du Sud;3150;16;27;0.51;0.86;98.63
29/02/2020;Liban;4;0;0;0.00;0.00;100.00
29/02/2020;Koweït;45;0;0;0.00;0.00;100.00
29/02/2020;Cambodge;1;0;1;0.00;100.00;0.00
29/02/2020;Japon;241;5;32;2.07;13.28;84.65
29/02/2020;Italie;1128;29;46;2.57;4.08;93.35
29/02/2020;Islande;1;0;0;0.00;0.00;100.00
29/02/2020;Iraq;13;0;0;0.00;0.00;100.00
29/02/2020;Iran;593;43;123;7.25;20.74;72.01
29/02/2020;Irlande;1;0;0;0.00;0.00;100.00
29/02/2020;Israël;7;0;1;0.00;14.29;85.71
29/02/2020;Inde;3;0;3;0.00;100.00;0.00
29/02/2020;Croatie;6;0;0;0.00;0.00;100.00
29/02/2020;Grèce;4;0;0;0.00;0.00;100.00
29/02/2020;Hong-Kong;95;2;33;2.11;34.74;63.16
29/02/2020;Géorgie;1;0;0;0.00;0.00;100.00
29/02/2020;France;100;2;12;2.00;12.00;86.00
29/02/2020;Royaume-Uni;23;0;8;0.00;34.78;65.22
29/02/2020;Finlande;3;0;1;0.00;33.33;66.67
29/02/2020;Estonie;1;0;0;0.00;0.00;100.00
29/02/2020;Égypte;1;0;1;0.00;100.00;0.00
29/02/2020;Espagne;45;0;2;0.00;4.44;95.56
29/02/2020;Allemagne;79;0;16;0.00;20.25;79.75
29/02/2020;Danemark;3;0;0;0.00;0.00;100.00
29/02/2020;Algérie;1;0;0;0.00;0.00;100.00
29/02/2020;Chine;79251;2835;39279;3.58;49.56;46.86
29/02/2020;Suisse;18;0;0;0.00;0.00;100.00
29/02/2020;Canada;20;0;6;0.00;30.00;70.00
29/02/2020;Bélarus;1;0;0;0.00;0.00;100.00
29/02/2020;Bahreïn;41;0;0;0.00;0.00;100.00
29/02/2020;Brésil;2;0;0;0.00;0.00;100.00
29/02/2020;Belgique;1;0;1;0.00;100.00;0.00
29/02/2020;Australie;25;0;11;0.00;44.00;56.00
29/02/2020;Autriche;9;0;0;0.00;0.00;100.00
29/02/2020;Afghanistan;1;0;0;0.00;0.00;100.00
29/02/2020;Émirats Arabes Unis;21;0;5;0.00;23.81;76.19
28/02/2020;Émirats Arabes Unis;19;0;5;0.00;26.32;73.68
28/02/2020;Afghanistan;1;0;0;0.00;0.00;100.00
28/02/2020;Autriche;3;0;0;0.00;0.00;100.00
28/02/2020;Australie;23;0;11;0.00;47.83;52.17
28/02/2020;Azerbaïdjan;1;0;0;0.00;0.00;100.00
28/02/2020;Belgique;1;0;1;0.00;100.00;0.00
28/02/2020;Bahreïn;36;0;0;0.00;0.00;100.00
28/02/2020;Bélarus;1;0;0;0.00;0.00;100.00
28/02/2020;Brésil;1;0;0;0.00;0.00;100.00
28/02/2020;Canada;14;0;6;0.00;42.86;57.14
28/02/2020;Suisse;8;0;0;0.00;0.00;100.00
28/02/2020;Chine;78824;2788;36291;3.54;46.04;50.42
28/02/2020;Algérie;1;0;0;0.00;0.00;100.00
28/02/2020;Danemark;1;0;0;0.00;0.00;100.00
28/02/2020;Allemagne;48;0;16;0.00;33.33;66.67
28/02/2020;Estonie;1;0;0;0.00;0.00;100.00
28/02/2020;Égypte;1;0;1;0.00;100.00;0.00
28/02/2020;France;57;2;11;3.51;19.30;77.19
28/02/2020;Finlande;2;0;1;0.00;50.00;50.00
28/02/2020;Espagne;32;0;2;0.00;6.25;93.75
28/02/2020;Royaume-Uni;21;0;8;0.00;38.10;61.90
28/02/2020;Grèce;4;0;0;0.00;0.00;100.00
28/02/2020;Géorgie;1;0;0;0.00;0.00;100.00
28/02/2020;Hong-Kong;94;2;30;2.13;31.91;65.96
28/02/2020;Croatie;5;0;0;0.00;0.00;100.00
28/02/2020;Israël;4;0;1;0.00;25.00;75.00
28/02/2020;Islande;1;0;0;0.00;0.00;100.00
28/02/2020;Iran;388;34;73;8.76;18.81;72.42
28/02/2020;Iraq;7;0;0;0.00;0.00;100.00
28/02/2020;Inde;3;0;3;0.00;100.00;0.00
28/02/2020;Italie;888;21;46;2.36;5.18;92.45
28/02/2020;Japon;228;4;22;1.75;9.65;88.60
28/02/2020;Cambodge;1;0;1;0.00;100.00;0.00
28/02/2020;Koweït;45;0;0;0.00;0.00;100.00
28/02/2020;Corée du Sud;2337;13;22;0.56;0.94;98.50
28/02/2020;Liban;2;0;0;0.00;0.00;100.00
28/02/2020;Lituanie;1;0;0;0.00;0.00;100.00
28/02/2020;Sri Lanka;1;0;1;0.00;100.00;0.00
28/02/2020;Macao;10;0;8;0.00;80.00;20.00
28/02/2020;Macédoine;1;0;0;0.00;0.00;100.00
28/02/2020;Mexique;1;0;0;0.00;0.00;100.00
28/02/2020;Malaisie;23;0;18;0.00;78.26;21.74
28/02/2020;Nigéria;1;0;0;0.00;0.00;100.00
28/02/2020;Pays-Bas;1;0;0;0.00;0.00;100.00
28/02/2020;Norvège;6;0;0;0.00;0.00;100.00
28/02/2020;Népal;1;0;1;0.00;100.00;0.00
28/02/2020;Nouvelle-Zélande;1;0;0;0.00;0.00;100.00
28/02/2020;Oman;4;0;0;0.00;0.00;100.00
28/02/2020;Philippines;3;1;1;33.33;33.33;33.33
28/02/2020;Pakistan;2;0;0;0.00;0.00;100.00
28/02/2020;Fédération de Russie;2;0;2;0.00;100.00;0.00
28/02/2020;Roumanie;3;0;0;0.00;0.00;100.00
28/02/2020;Saint-Marin;1;0;0;0.00;0.00;100.00
28/02/2020;Thaïlande;41;0;28;0.00;68.29;31.71
28/02/2020;Suède;7;0;0;0.00;0.00;100.00
28/02/2020;Singapour;93;0;62;0.00;66.67;33.33
28/02/2020;Taïwan;34;1;6;2.94;17.65;79.41
28/02/2020;États-Unis;62;0;7;0.00;11.29;88.71
28/02/2020;Autres;705;6;10;0.85;1.42;97.73
28/02/2020;Viet Nam;16;0;16;0.00;100.00;0.00
27/02/2020;Viet Nam;16;0;16;0.00;100.00;0.00
27/02/2020;Autres;705;4;10;0.57;1.42;98.01
27/02/2020;États-Unis;60;0;6;0.00;10.00;90.00
27/02/2020;Taïwan;32;1;5;3.13;15.63;81.25
27/02/2020;Singapour;93;0;62;0.00;66.67;33.33
27/02/2020;Suède;7;0;0;0.00;0.00;100.00
27/02/2020;Thaïlande;40;0;22;0.00;55.00;45.00
27/02/2020;Saint-Marin;1;0;0;0.00;0.00;100.00
27/02/2020;Fédération de Russie;2;0;2;0.00;100.00;0.00
27/02/2020;Pakistan;2;0;0;0.00;0.00;100.00
27/02/2020;Roumanie;1;0;0;0.00;0.00;100.00
27/02/2020;Philippines;3;1;1;33.33;33.33;33.33
27/02/2020;Oman;4;0;0;0.00;0.00;100.00
27/02/2020;Népal;1;0;1;0.00;100.00;0.00
27/02/2020;Norvège;1;0;0;0.00;0.00;100.00
27/02/2020;Pays-Bas;1;0;0;0.00;0.00;100.00
27/02/2020;Malaisie;23;0;18;0.00;78.26;21.74
27/02/2020;Macédoine;1;0;0;0.00;0.00;100.00
27/02/2020;Macao;10;0;8;0.00;80.00;20.00
27/02/2020;Sri Lanka;1;0;1;0.00;100.00;0.00
27/02/2020;Liban;2;0;0;0.00;0.00;100.00
27/02/2020;Corée du Sud;1766;13;22;0.74;1.25;98.02
27/02/2020;Koweït;43;0;0;0.00;0.00;100.00
27/02/2020;Cambodge;1;0;1;0.00;100.00;0.00
27/02/2020;Japon;214;4;22;1.87;10.28;87.85
27/02/2020;Italie;655;17;45;2.60;6.87;90.53
27/02/2020;Inde;3;0;3;0.00;100.00;0.00
27/02/2020;Iraq;7;0;0;0.00;0.00;100.00
27/02/2020;Iran;245;26;49;10.61;20.00;69.39
27/02/2020;Israël;3;0;1;0.00;33.33;66.67
27/02/2020;Croatie;3;0;0;0.00;0.00;100.00
27/02/2020;Hong-Kong;92;2;24;2.17;26.09;71.74
27/02/2020;Géorgie;1;0;0;0.00;0.00;100.00
27/02/2020;Grèce;3;0;0;0.00;0.00;100.00
27/02/2020;Royaume-Uni;15;0;8;0.00;53.33;46.67
27/02/2020;Espagne;15;0;2;0.00;13.33;86.67
27/02/2020;Finlande;2;0;1;0.00;50.00;50.00
27/02/2020;France;38;2;11;5.26;28.95;65.79
27/02/2020;Égypte;1;0;0;0.00;0.00;100.00
27/02/2020;Estonie;1;0;0;0.00;0.00;100.00
27/02/2020;Allemagne;46;0;16;0.00;34.78;65.22
27/02/2020;Danemark;1;0;0;0.00;0.00;100.00
27/02/2020;Algérie;1;0;0;0.00;0.00;100.00
27/02/2020;Chine;78498;2744;32898;3.50;41.91;54.60
27/02/2020;Suisse;8;0;0;0.00;0.00;100.00
27/02/2020;Canada;13;0;6;0.00;46.15;53.85
27/02/2020;Brésil;1;0;0;0.00;0.00;100.00
27/02/2020;Bahreïn;33;0;0;0.00;0.00;100.00
27/02/2020;Belgique;1;0;1;0.00;100.00;0.00
27/02/2020;Australie;23;0;11;0.00;47.83;52.17
27/02/2020;Autriche;3;0;0;0.00;0.00;100.00
27/02/2020;Afghanistan;1;0;0;0.00;0.00;100.00
27/02/2020;Émirats Arabes Unis;13;0;4;0.00;30.77;69.23
26/02/2020;Émirats Arabes Unis;13;0;4;0.00;30.77;69.23
26/02/2020;Afghanistan;1;0;0;0.00;0.00;100.00
26/02/2020;Autriche;2;0;0;0.00;0.00;100.00
26/02/2020;Australie;22;0;11;0.00;50.00;50.00
26/02/2020;Belgique;1;0;1;0.00;100.00;0.00
26/02/2020;Bahreïn;33;0;0;0.00;0.00;100.00
26/02/2020;Brésil;1;0;0;0.00;0.00;100.00
26/02/2020;Canada;11;0;3;0.00;27.27;72.73
26/02/2020;Suisse;1;0;0;0.00;0.00;100.00
26/02/2020;Chine;78065;2715;30053;3.48;38.50;58.02
26/02/2020;Algérie;1;0;0;0.00;0.00;100.00
26/02/2020;Allemagne;27;0;15;0.00;55.56;44.44
26/02/2020;Égypte;1;0;0;0.00;0.00;100.00
26/02/2020;Finlande;2;0;1;0.00;50.00;50.00
26/02/2020;Espagne;13;0;2;0.00;15.38;84.62
26/02/2020;Royaume-Uni;13;0;8;0.00;61.54;38.46
26/02/2020;France;18;2;11;11.11;61.11;27.78
26/02/2020;Grèce;1;0;0;0.00;0.00;100.00
26/02/2020;Géorgie;1;0;0;0.00;0.00;100.00
26/02/2020;Hong-Kong;91;2;24;2.20;26.37;71.43
26/02/2020;Croatie;3;0;0;0.00;0.00;100.00
26/02/2020;Israël;2;0;0;0.00;0.00;100.00
26/02/2020;Iran;139;19;49;13.67;35.25;51.08
26/02/2020;Iraq;5;0;0;0.00;0.00;100.00
26/02/2020;Inde;3;0;3;0.00;100.00;0.00
26/02/2020;Italie;453;12;3;2.65;0.66;96.69
26/02/2020;Cambodge;1;0;1;0.00;100.00;0.00
26/02/2020;Japon;189;2;22;1.06;11.64;87.30
26/02/2020;Koweït;26;0;0;0.00;0.00;100.00
26/02/2020;Corée du Sud;1261;12;22;0.95;1.74;97.30
26/02/2020;Liban;2;0;0;0.00;0.00;100.00
26/02/2020;Sri Lanka;1;0;1;0.00;100.00;0.00
26/02/2020;Macao;10;0;7;0.00;70.00;30.00
26/02/2020;Macédoine;1;0;0;0.00;0.00;100.00
26/02/2020;Malaisie;22;0;18;0.00;81.82;18.18
26/02/2020;Norvège;1;0;0;0.00;0.00;100.00
26/02/2020;Népal;1;0;1;0.00;100.00;0.00
26/02/2020;Oman;4;0;0;0.00;0.00;100.00
26/02/2020;Philippines;3;1;1;33.33;33.33;33.33
26/02/2020;Pakistan;2;0;0;0.00;0.00;100.00
26/02/2020;Roumanie;1;0;0;0.00;0.00;100.00
26/02/2020;Fédération de Russie;2;0;2;0.00;100.00;0.00
26/02/2020;Thaïlande;40;0;22;0.00;55.00;45.00
26/02/2020;Suède;2;0;0;0.00;0.00;100.00
26/02/2020;Singapour;93;0;62;0.00;66.67;33.33
26/02/2020;Taïwan;32;1;5;3.13;15.63;81.25
26/02/2020;États-Unis;59;0;6;0.00;10.17;89.83
26/02/2020;Autres;705;4;10;0.57;1.42;98.01
26/02/2020;Viet Nam;16;0;16;0.00;100.00;0.00
25/02/2020;Viet Nam;16;0;16;0.00;100.00;0.00
25/02/2020;Autres;691;3;0;0.43;0.00;99.57
25/02/2020;États-Unis;53;0;6;0.00;11.32;88.68
25/02/2020;Taïwan;31;1;5;3.23;16.13;80.65
25/02/2020;Singapour;91;0;53;0.00;58.24;41.76
25/02/2020;Suède;1;0;0;0.00;0.00;100.00
25/02/2020;Thaïlande;37;0;22;0.00;59.46;40.54
25/02/2020;Fédération de Russie;2;0;2;0.00;100.00;0.00
25/02/2020;Philippines;3;1;1;33.33;33.33;33.33
25/02/2020;Oman;2;0;0;0.00;0.00;100.00
25/02/2020;Népal;1;0;1;0.00;100.00;0.00
25/02/2020;Malaisie;22;0;18;0.00;81.82;18.18
25/02/2020;Macao;10;0;7;0.00;70.00;30.00
25/02/2020;Sri Lanka;1;0;1;0.00;100.00;0.00
25/02/2020;Liban;1;0;0;0.00;0.00;100.00
25/02/2020;Koweït;11;0;0;0.00;0.00;100.00
25/02/2020;Corée du Sud;977;10;22;1.02;2.25;96.72
25/02/2020;Cambodge;1;0;1;0.00;100.00;0.00
25/02/2020;Italie;322;10;1;3.11;0.31;96.58
25/02/2020;Japon;170;1;22;0.59;12.94;86.47
25/02/2020;Inde;3;0;3;0.00;100.00;0.00
25/02/2020;Iraq;1;0;0;0.00;0.00;100.00
25/02/2020;Iran;95;16;0;16.84;0.00;83.16
25/02/2020;Israël;1;0;0;0.00;0.00;100.00
25/02/2020;Croatie;1;0;0;0.00;0.00;100.00
25/02/2020;Hong-Kong;84;2;19;2.38;22.62;75.00
25/02/2020;France;14;1;11;7.14;78.57;14.29
25/02/2020;Royaume-Uni;13;0;8;0.00;61.54;38.46
25/02/2020;Espagne;6;0;2;0.00;33.33;66.67
25/02/2020;Finlande;1;0;1;0.00;100.00;0.00
25/02/2020;Égypte;1;0;0;0.00;0.00;100.00
25/02/2020;Allemagne;17;0;14;0.00;82.35;17.65
25/02/2020;Algérie;1;0;0;0.00;0.00;100.00
25/02/2020;Chine;77660;2663;27650;3.43;35.60;60.97
25/02/2020;Suisse;1;0;0;0.00;0.00;100.00
25/02/2020;Canada;11;0;3;0.00;27.27;72.73
25/02/2020;Bahreïn;23;0;0;0.00;0.00;100.00
25/02/2020;Belgique;1;0;1;0.00;100.00;0.00
25/02/2020;Australie;22;0;11;0.00;50.00;50.00
25/02/2020;Autriche;2;0;0;0.00;0.00;100.00
25/02/2020;Afghanistan;1;0;0;0.00;0.00;100.00
25/02/2020;Émirats Arabes Unis;13;0;4;0.00;30.77;69.23
24/02/2020;Émirats Arabes Unis;13;0;4;0.00;30.77;69.23
24/02/2020;Afghanistan;1;0;0;0.00;0.00;100.00
24/02/2020;Australie;22;0;11;0.00;50.00;50.00
24/02/2020;Belgique;1;0;1;0.00;100.00;0.00
24/02/2020;Bahreïn;1;0;0;0.00;0.00;100.00
24/02/2020;Canada;10;0;3;0.00;30.00;70.00
24/02/2020;Chine;77152;2593;24990;3.36;32.39;64.25
24/02/2020;Allemagne;16;0;14;0.00;87.50;12.50
24/02/2020;Égypte;1;0;0;0.00;0.00;100.00
24/02/2020;Espagne;2;0;2;0.00;100.00;0.00
24/02/2020;Finlande;1;0;1;0.00;100.00;0.00
24/02/2020;Royaume-Uni;13;0;8;0.00;61.54;38.46
24/02/2020;France;12;1;4;8.33;33.33;58.33
24/02/2020;Hong-Kong;79;2;19;2.53;24.05;73.42
24/02/2020;Israël;1;0;0;0.00;0.00;100.00
24/02/2020;Iraq;1;0;0;0.00;0.00;100.00
24/02/2020;Iran;61;12;0;19.67;0.00;80.33
24/02/2020;Inde;3;0;3;0.00;100.00;0.00
24/02/2020;Japon;159;1;22;0.63;13.84;85.53
24/02/2020;Italie;229;7;1;3.06;0.44;96.51
24/02/2020;Cambodge;1;0;1;0.00;100.00;0.00
24/02/2020;Corée du Sud;833;8;18;0.96;2.16;96.88
24/02/2020;Koweït;1;0;0;0.00;0.00;100.00
24/02/2020;Liban;1;0;0;0.00;0.00;100.00
24/02/2020;Sri Lanka;1;0;1;0.00;100.00;0.00
24/02/2020;Macao;10;0;6;0.00;60.00;40.00
24/02/2020;Malaisie;22;0;18;0.00;81.82;18.18
24/02/2020;Népal;1;0;1;0.00;100.00;0.00
24/02/2020;Oman;2;0;0;0.00;0.00;100.00
24/02/2020;Philippines;3;1;1;33.33;33.33;33.33
24/02/2020;Fédération de Russie;2;0;2;0.00;100.00;0.00
24/02/2020;Thaïlande;35;0;21;0.00;60.00;40.00
24/02/2020;Singapour;89;0;51;0.00;57.30;42.70
24/02/2020;Suède;1;0;0;0.00;0.00;100.00
24/02/2020;Taïwan;30;1;5;3.33;16.67;80.00
24/02/2020;États-Unis;53;0;5;0.00;9.43;90.57
24/02/2020;Autres;691;3;0;0.43;0.00;99.57
24/02/2020;Viet Nam;16;0;14;0.00;87.50;12.50
23/02/2020;Viet Nam;16;0;14;0.00;87.50;12.50
23/02/2020;Autres;691;3;0;0.43;0.00;99.57
23/02/2020;États-Unis;35;0;5;0.00;14.29;85.71
23/02/2020;Taïwan;28;1;2;3.57;7.14;89.29
23/02/2020;Suède;1;0;0;0.00;0.00;100.00
23/02/2020;Singapour;89;0;51;0.00;57.30;42.70
23/02/2020;Thaïlande;35;0;21;0.00;60.00;40.00
23/02/2020;Fédération de Russie;2;0;2;0.00;100.00;0.00
23/02/2020;Philippines;3;1;1;33.33;33.33;33.33
23/02/2020;Népal;1;0;1;0.00;100.00;0.00
23/02/2020;Malaisie;22;0;15;0.00;68.18;31.82
23/02/2020;Macao;10;0;6;0.00;60.00;40.00
23/02/2020;Liban;1;0;0;0.00;0.00;100.00
23/02/2020;Sri Lanka;1;0;1;0.00;100.00;0.00
23/02/2020;Corée du Sud;602;6;18;1.00;2.99;96.01
23/02/2020;Italie;155;3;2;1.94;1.29;96.77
23/02/2020;Japon;147;1;22;0.68;14.97;84.35
23/02/2020;Cambodge;1;0;1;0.00;100.00;0.00
23/02/2020;Inde;3;0;3;0.00;100.00;0.00
23/02/2020;Iraq;0;0;0;0.00;0.00;0.00
23/02/2020;Iran;43;8;0;18.60;0.00;81.40
23/02/2020;Israël;1;0;0;0.00;0.00;100.00
23/02/2020;Hong-Kong;74;2;11;2.70;14.86;82.43
23/02/2020;France;12;1;4;8.33;33.33;58.33
23/02/2020;Royaume-Uni;9;0;8;0.00;88.89;11.11
23/02/2020;Espagne;2;0;2;0.00;100.00;0.00
23/02/2020;Finlande;1;0;1;0.00;100.00;0.00
23/02/2020;Égypte;1;0;0;0.00;0.00;100.00
23/02/2020;Allemagne;16;0;14;0.00;87.50;12.50
23/02/2020;Chine;76938;2443;23170;3.18;30.12;66.71
23/02/2020;Canada;9;0;3;0.00;33.33;66.67
23/02/2020;Belgique;1;0;1;0.00;100.00;0.00
23/02/2020;Australie;22;0;11;0.00;50.00;50.00
23/02/2020;Émirats Arabes Unis;13;0;4;0.00;30.77;69.23
22/02/2020;Émirats Arabes Unis;13;0;4;0.00;30.77;69.23
22/02/2020;Australie;22;0;11;0.00;50.00;50.00
22/02/2020;Belgique;1;0;1;0.00;100.00;0.00
22/02/2020;Canada;9;0;3;0.00;33.33;66.67
22/02/2020;Chine;76922;2441;22687;3.17;29.49;67.33
22/02/2020;Allemagne;16;0;14;0.00;87.50;12.50
22/02/2020;Espagne;2;0;2;0.00;100.00;0.00
22/02/2020;Égypte;1;0;0;0.00;0.00;100.00
22/02/2020;Finlande;1;0;1;0.00;100.00;0.00
22/02/2020;France;12;1;4;8.33;33.33;58.33
22/02/2020;Royaume-Uni;9;0;8;0.00;88.89;11.11
22/02/2020;Hong-Kong;69;2;6;2.90;8.70;88.41
22/02/2020;Inde;3;0;3;0.00;100.00;0.00
22/02/2020;Israël;1;0;0;0.00;0.00;100.00
22/02/2020;Japon;122;1;22;0.82;18.03;81.15
22/02/2020;Cambodge;1;0;1;0.00;100.00;0.00
22/02/2020;Italie;62;2;1;3.23;1.61;95.16
22/02/2020;Iran;28;5;0;17.86;0.00;82.14
22/02/2020;Corée du Sud;433;2;16;0.46;3.70;95.84
22/02/2020;Liban;1;0;0;0.00;0.00;100.00
22/02/2020;Sri Lanka;1;0;1;0.00;100.00;0.00
22/02/2020;Macao;10;0;6;0.00;60.00;40.00
22/02/2020;Malaisie;22;0;15;0.00;68.18;31.82
22/02/2020;Népal;1;0;1;0.00;100.00;0.00
22/02/2020;Fédération de Russie;2;0;2;0.00;100.00;0.00
22/02/2020;Philippines;3;1;1;33.33;33.33;33.33
22/02/2020;Singapour;85;0;37;0.00;43.53;56.47
22/02/2020;Suède;1;0;0;0.00;0.00;100.00
22/02/2020;Thaïlande;35;0;17;0.00;48.57;51.43
22/02/2020;Taïwan;26;1;2;3.85;7.69;88.46
22/02/2020;États-Unis;35;0;5;0.00;14.29;85.71
22/02/2020;Autres;634;2;1;0.32;0.16;99.53
22/02/2020;Viet Nam;16;0;14;0.00;87.50;12.50
21/02/2020;Viet Nam;16;0;14;0.00;87.50;12.50
21/02/2020;Autres;634;2;1;0.32;0.16;99.53
21/02/2020;États-Unis;35;0;5;0.00;14.29;85.71
21/02/2020;Taïwan;26;1;2;3.85;7.69;88.46
21/02/2020;Thaïlande;35;0;17;0.00;48.57;51.43
21/02/2020;Suède;1;0;0;0.00;0.00;100.00
21/02/2020;Singapour;85;0;37;0.00;43.53;56.47
21/02/2020;Philippines;3;1;1;33.33;33.33;33.33
21/02/2020;Fédération de Russie;2;0;2;0.00;100.00;0.00
21/02/2020;Népal;1;0;1;0.00;100.00;0.00
21/02/2020;Macao;10;0;6;0.00;60.00;40.00
21/02/2020;Malaisie;22;0;15;0.00;68.18;31.82
21/02/2020;Sri Lanka;1;0;1;0.00;100.00;0.00
21/02/2020;Liban;1;0;0;0.00;0.00;100.00
21/02/2020;Corée du Sud;204;2;16;0.98;7.84;91.18
21/02/2020;Italie;20;1;0;5.00;0.00;95.00
21/02/2020;Cambodge;1;0;1;0.00;100.00;0.00
21/02/2020;Japon;105;1;22;0.95;20.95;78.10
21/02/2020;Israël;1;0;0;0.00;0.00;100.00
21/02/2020;Inde;3;0;3;0.00;100.00;0.00
21/02/2020;Iran;18;4;0;22.22;0.00;77.78
21/02/2020;Hong-Kong;68;2;5;2.94;7.35;89.71
21/02/2020;Royaume-Uni;9;0;8;0.00;88.89;11.11
21/02/2020;France;12;1;4;8.33;33.33;58.33
21/02/2020;Finlande;1;0;1;0.00;100.00;0.00
21/02/2020;Égypte;1;0;0;0.00;0.00;100.00
21/02/2020;Espagne;2;0;2;0.00;100.00;0.00
21/02/2020;Allemagne;16;0;14;0.00;87.50;12.50
21/02/2020;Chine;75472;2236;18693;2.96;24.77;72.27
21/02/2020;Canada;9;0;3;0.00;33.33;66.67
21/02/2020;Belgique;1;0;1;0.00;100.00;0.00
21/02/2020;Australie;19;0;11;0.00;57.89;42.11
21/02/2020;Émirats Arabes Unis;9;0;4;0.00;44.44;55.56
20/02/2020;Émirats Arabes Unis;9;0;4;0.00;44.44;55.56
20/02/2020;Australie;15;0;10;0.00;66.67;33.33
20/02/2020;Belgique;1;0;1;0.00;100.00;0.00
20/02/2020;Canada;8;0;1;0.00;12.50;87.50
20/02/2020;Chine;74999;2236;18002;2.98;24.00;73.02
20/02/2020;Allemagne;16;0;12;0.00;75.00;25.00
20/02/2020;Espagne;2;0;2;0.00;100.00;0.00
20/02/2020;Égypte;1;0;0;0.00;0.00;100.00
20/02/2020;Finlande;1;0;1;0.00;100.00;0.00
20/02/2020;France;12;1;4;8.33;33.33;58.33
20/02/2020;Royaume-Uni;9;0;8;0.00;88.89;11.11
20/02/2020;Hong-Kong;68;2;6;2.94;8.82;88.24
20/02/2020;Iran;5;2;0;40.00;0.00;60.00
20/02/2020;Inde;3;0;3;0.00;100.00;0.00
20/02/2020;Japon;94;1;18;1.06;19.15;79.79
20/02/2020;Cambodge;1;0;1;0.00;100.00;0.00
20/02/2020;Italie;3;0;0;0.00;0.00;100.00
20/02/2020;Corée du Sud;104;1;16;0.96;15.38;83.65
20/02/2020;Sri Lanka;1;0;1;0.00;100.00;0.00
20/02/2020;Macao;10;0;6;0.00;60.00;40.00
20/02/2020;Népal;1;0;1;0.00;100.00;0.00
20/02/2020;Malaisie;22;0;15;0.00;68.18;31.82
20/02/2020;Fédération de Russie;2;0;2;0.00;100.00;0.00
20/02/2020;Philippines;3;1;1;33.33;33.33;33.33
20/02/2020;Singapour;84;0;34;0.00;40.48;59.52
20/02/2020;Suède;1;0;0;0.00;0.00;100.00
20/02/2020;Thaïlande;35;0;15;0.00;42.86;57.14
20/02/2020;Taïwan;24;1;2;4.17;8.33;87.50
20/02/2020;États-Unis;15;0;3;0.00;20.00;80.00
20/02/2020;Autres;634;2;1;0.32;0.16;99.53
20/02/2020;Viet Nam;16;0;7;0.00;43.75;56.25
19/02/2020;Viet Nam;16;0;7;0.00;43.75;56.25
19/02/2020;Autres;621;0;1;0.00;0.16;99.84
19/02/2020;États-Unis;15;0;3;0.00;20.00;80.00
19/02/2020;Taïwan;23;1;2;4.35;8.70;86.96
19/02/2020;Thaïlande;35;0;15;0.00;42.86;57.14
19/02/2020;Suède;1;0;0;0.00;0.00;100.00
19/02/2020;Singapour;84;0;34;0.00;40.48;59.52
19/02/2020;Philippines;3;1;1;33.33;33.33;33.33
19/02/2020;Fédération de Russie;2;0;2;0.00;100.00;0.00
19/02/2020;Malaisie;22;0;15;0.00;68.18;31.82
19/02/2020;Népal;1;0;1;0.00;100.00;0.00
19/02/2020;Macao;10;0;5;0.00;50.00;50.00
19/02/2020;Sri Lanka;1;0;1;0.00;100.00;0.00
19/02/2020;Corée du Sud;31;0;12;0.00;38.71;61.29
19/02/2020;Italie;3;0;0;0.00;0.00;100.00
19/02/2020;Japon;84;1;18;1.19;21.43;77.38
19/02/2020;Cambodge;1;0;1;0.00;100.00;0.00
19/02/2020;Inde;3;0;3;0.00;100.00;0.00
19/02/2020;Iran;2;2;0;100.00;0.00;0.00
19/02/2020;Hong-Kong;63;2;5;3.17;7.94;88.89
19/02/2020;Royaume-Uni;9;0;8;0.00;88.89;11.11
19/02/2020;France;12;1;4;8.33;33.33;58.33
19/02/2020;Finlande;1;0;1;0.00;100.00;0.00
19/02/2020;Égypte;1;0;0;0.00;0.00;100.00
19/02/2020;Espagne;2;0;2;0.00;100.00;0.00
19/02/2020;Allemagne;16;0;12;0.00;75.00;25.00
19/02/2020;Chine;74546;2114;15952;2.84;21.40;75.77
19/02/2020;Canada;8;0;1;0.00;12.50;87.50
19/02/2020;Belgique;1;0;1;0.00;100.00;0.00
19/02/2020;Australie;15;0;10;0.00;66.67;33.33
19/02/2020;Émirats Arabes Unis;9;0;4;0.00;44.44;55.56
18/02/2020;Émirats Arabes Unis;9;0;4;0.00;44.44;55.56
18/02/2020;Australie;15;0;10;0.00;66.67;33.33
18/02/2020;Belgique;1;0;1;0.00;100.00;0.00
18/02/2020;Canada;8;0;1;0.00;12.50;87.50
18/02/2020;Chine;74139;2002;14199;2.70;19.15;78.15
18/02/2020;Allemagne;16;0;12;0.00;75.00;25.00
18/02/2020;Espagne;2;0;2;0.00;100.00;0.00
18/02/2020;Égypte;1;0;0;0.00;0.00;100.00
18/02/2020;Finlande;1;0;1;0.00;100.00;0.00
18/02/2020;France;12;1;4;8.33;33.33;58.33
18/02/2020;Royaume-Uni;9;0;8;0.00;88.89;11.11
18/02/2020;Hong-Kong;62;1;2;1.61;3.23;95.16
18/02/2020;Inde;3;0;3;0.00;100.00;0.00
18/02/2020;Cambodge;1;0;1;0.00;100.00;0.00
18/02/2020;Japon;74;1;13;1.35;17.57;81.08
18/02/2020;Italie;3;0;0;0.00;0.00;100.00
18/02/2020;Corée du Sud;31;0;12;0.00;38.71;61.29
18/02/2020;Sri Lanka;1;0;1;0.00;100.00;0.00
18/02/2020;Macao;10;0;5;0.00;50.00;50.00
18/02/2020;Népal;1;0;1;0.00;100.00;0.00
18/02/2020;Malaisie;22;0;13;0.00;59.09;40.91
18/02/2020;Fédération de Russie;2;0;2;0.00;100.00;0.00
18/02/2020;Philippines;3;1;1;33.33;33.33;33.33
18/02/2020;Singapour;81;0;29;0.00;35.80;64.20
18/02/2020;Suède;1;0;0;0.00;0.00;100.00
18/02/2020;Thaïlande;35;0;15;0.00;42.86;57.14
18/02/2020;Taïwan;22;1;2;4.55;9.09;86.36
18/02/2020;États-Unis;15;0;3;0.00;20.00;80.00
18/02/2020;Viet Nam;16;0;7;0.00;43.75;56.25
18/02/2020;Autres;542;0;0;0.00;0.00;100.00
17/02/2020;Autres;454;0;0;0.00;0.00;100.00
17/02/2020;Viet Nam;16;0;7;0.00;43.75;56.25
17/02/2020;États-Unis;15;0;3;0.00;20.00;80.00
17/02/2020;Taïwan;22;1;2;4.55;9.09;86.36
17/02/2020;Thaïlande;35;0;15;0.00;42.86;57.14
17/02/2020;Suède;1;0;0;0.00;0.00;100.00
17/02/2020;Singapour;77;0;24;0.00;31.17;68.83
17/02/2020;Philippines;3;1;1;33.33;33.33;33.33
17/02/2020;Fédération de Russie;2;0;2;0.00;100.00;0.00
17/02/2020;Malaisie;22;0;7;0.00;31.82;68.18
17/02/2020;Népal;1;0;1;0.00;100.00;0.00
17/02/2020;Macao;10;0;5;0.00;50.00;50.00
17/02/2020;Sri Lanka;1;0;1;0.00;100.00;0.00
17/02/2020;Corée du Sud;30;0;10;0.00;33.33;66.67
17/02/2020;Italie;3;0;0;0.00;0.00;100.00
17/02/2020;Cambodge;1;0;1;0.00;100.00;0.00
17/02/2020;Japon;66;1;12;1.52;18.18;80.30
17/02/2020;Inde;3;0;3;0.00;100.00;0.00
17/02/2020;Hong-Kong;60;1;2;1.67;3.33;95.00
17/02/2020;Royaume-Uni;9;0;8;0.00;88.89;11.11
17/02/2020;France;12;1;4;8.33;33.33;58.33
17/02/2020;Finlande;1;0;1;0.00;100.00;0.00
17/02/2020;Égypte;1;0;0;0.00;0.00;100.00
17/02/2020;Espagne;2;0;2;0.00;100.00;0.00
17/02/2020;Allemagne;16;0;1;0.00;6.25;93.75
17/02/2020;Chine;72364;1863;12455;2.57;17.21;80.21
17/02/2020;Canada;8;0;1;0.00;12.50;87.50
17/02/2020;Belgique;1;0;1;0.00;100.00;0.00
17/02/2020;Australie;15;0;10;0.00;66.67;33.33
17/02/2020;Émirats Arabes Unis;9;0;4;0.00;44.44;55.56
16/02/2020;Émirats Arabes Unis;9;0;4;0.00;44.44;55.56
16/02/2020;Australie;15;0;8;0.00;53.33;46.67
16/02/2020;Belgique;1;0;0;0.00;0.00;100.00
16/02/2020;Canada;7;0;1;0.00;14.29;85.71
16/02/2020;Chine;70446;1765;10748;2.51;15.26;82.24
16/02/2020;Allemagne;16;0;1;0.00;6.25;93.75
16/02/2020;Espagne;2;0;2;0.00;100.00;0.00
16/02/2020;Égypte;1;0;0;0.00;0.00;100.00
16/02/2020;Finlande;1;0;1;0.00;100.00;0.00
16/02/2020;France;12;1;4;8.33;33.33;58.33
16/02/2020;Royaume-Uni;9;0;8;0.00;88.89;11.11
16/02/2020;Hong-Kong;57;1;2;1.75;3.51;94.74
16/02/2020;Inde;3;0;3;0.00;100.00;0.00
16/02/2020;Japon;59;1;12;1.69;20.34;77.97
16/02/2020;Cambodge;1;0;1;0.00;100.00;0.00
16/02/2020;Italie;3;0;0;0.00;0.00;100.00
16/02/2020;Corée du Sud;29;0;9;0.00;31.03;68.97
16/02/2020;Sri Lanka;1;0;1;0.00;100.00;0.00
16/02/2020;Macao;10;0;5;0.00;50.00;50.00
16/02/2020;Népal;1;0;1;0.00;100.00;0.00
16/02/2020;Malaisie;22;0;7;0.00;31.82;68.18
16/02/2020;Fédération de Russie;2;0;2;0.00;100.00;0.00
16/02/2020;Philippines;3;1;1;33.33;33.33;33.33
16/02/2020;Singapour;75;0;18;0.00;24.00;76.00
16/02/2020;Suède;1;0;0;0.00;0.00;100.00
16/02/2020;Thaïlande;34;0;14;0.00;41.18;58.82
16/02/2020;Taïwan;20;1;2;5.00;10.00;85.00
16/02/2020;États-Unis;15;0;3;0.00;20.00;80.00
16/02/2020;Viet Nam;16;0;7;0.00;43.75;56.25
16/02/2020;Autres;355;0;0;0.00;0.00;100.00
15/02/2020;Autres;285;0;0;0.00;0.00;100.00
15/02/2020;Viet Nam;16;0;7;0.00;43.75;56.25
15/02/2020;États-Unis;15;0;3;0.00;20.00;80.00
15/02/2020;Taïwan;18;0;2;0.00;11.11;88.89
15/02/2020;Thaïlande;33;0;12;0.00;36.36;63.64
15/02/2020;Suède;1;0;0;0.00;0.00;100.00
15/02/2020;Singapour;72;0;18;0.00;25.00;75.00
15/02/2020;Philippines;3;1;1;33.33;33.33;33.33
15/02/2020;Fédération de Russie;2;0;2;0.00;100.00;0.00
15/02/2020;Malaisie;22;0;7;0.00;31.82;68.18
15/02/2020;Népal;1;0;1;0.00;100.00;0.00
15/02/2020;Macao;10;0;3;0.00;30.00;70.00
15/02/2020;Sri Lanka;1;0;1;0.00;100.00;0.00
15/02/2020;Corée du Sud;28;0;9;0.00;32.14;67.86
15/02/2020;Italie;3;0;0;0.00;0.00;100.00
15/02/2020;Cambodge;1;0;1;0.00;100.00;0.00
15/02/2020;Japon;43;1;12;2.33;27.91;69.77
15/02/2020;Inde;3;0;0;0.00;0.00;100.00
15/02/2020;Hong-Kong;56;1;1;1.79;1.79;96.43
15/02/2020;Royaume-Uni;9;0;1;0.00;11.11;88.89
15/02/2020;France;12;1;4;8.33;33.33;58.33
15/02/2020;Finlande;1;0;1;0.00;100.00;0.00
15/02/2020;Égypte;1;0;0;0.00;0.00;100.00
15/02/2020;Espagne;2;0;2;0.00;100.00;0.00
15/02/2020;Allemagne;16;0;1;0.00;6.25;93.75
15/02/2020;Chine;68347;1662;9294;2.43;13.60;83.97
15/02/2020;Canada;7;0;1;0.00;14.29;85.71
15/02/2020;Belgique;1;0;0;0.00;0.00;100.00
15/02/2020;Australie;15;0;8;0.00;53.33;46.67
15/02/2020;Émirats Arabes Unis;8;0;3;0.00;37.50;62.50
14/02/2020;Émirats Arabes Unis;8;0;1;0.00;12.50;87.50
14/02/2020;Australie;15;0;8;0.00;53.33;46.67
14/02/2020;Belgique;1;0;0;0.00;0.00;100.00
14/02/2020;Canada;7;0;1;0.00;14.29;85.71
14/02/2020;Chine;66292;1520;7973;2.29;12.03;85.68
14/02/2020;Allemagne;16;0;1;0.00;6.25;93.75
14/02/2020;Espagne;2;0;0;0.00;0.00;100.00
14/02/2020;Égypte;1;0;0;0.00;0.00;100.00
14/02/2020;Finlande;1;0;1;0.00;100.00;0.00
14/02/2020;France;11;0;2;0.00;18.18;81.82
14/02/2020;Royaume-Uni;9;0;1;0.00;11.11;88.89
14/02/2020;Hong-Kong;56;1;1;1.79;1.79;96.43
14/02/2020;Inde;3;0;0;0.00;0.00;100.00
14/02/2020;Japon;29;1;9;3.45;31.03;65.52
14/02/2020;Cambodge;1;0;1;0.00;100.00;0.00
14/02/2020;Italie;3;0;0;0.00;0.00;100.00
14/02/2020;Corée du Sud;28;0;7;0.00;25.00;75.00
14/02/2020;Sri Lanka;1;0;1;0.00;100.00;0.00
14/02/2020;Macao;10;0;3;0.00;30.00;70.00
14/02/2020;Malaisie;19;0;3;0.00;15.79;84.21
14/02/2020;Népal;1;0;1;0.00;100.00;0.00
14/02/2020;Fédération de Russie;2;0;2;0.00;100.00;0.00
14/02/2020;Philippines;3;1;1;33.33;33.33;33.33
14/02/2020;Singapour;67;0;17;0.00;25.37;74.63
14/02/2020;Suède;1;0;0;0.00;0.00;100.00
14/02/2020;Thaïlande;33;0;12;0.00;36.36;63.64
14/02/2020;Taïwan;18;0;2;0.00;11.11;88.89
14/02/2020;États-Unis;15;0;3;0.00;20.00;80.00
14/02/2020;Viet Nam;16;0;7;0.00;43.75;56.25
14/02/2020;Autres;218;0;0;0.00;0.00;100.00
13/02/2020;Autres;175;0;0;0.00;0.00;100.00
13/02/2020;Viet Nam;16;0;7;0.00;43.75;56.25
13/02/2020;États-Unis;15;0;3;0.00;20.00;80.00
13/02/2020;Taïwan;18;0;1;0.00;5.56;94.44
13/02/2020;Thaïlande;33;0;12;0.00;36.36;63.64
13/02/2020;Suède;1;0;0;0.00;0.00;100.00
13/02/2020;Singapour;58;0;15;0.00;25.86;74.14
13/02/2020;Philippines;3;1;1;33.33;33.33;33.33
13/02/2020;Fédération de Russie;2;0;2;0.00;100.00;0.00
13/02/2020;Népal;1;0;1;0.00;100.00;0.00
13/02/2020;Malaisie;19;0;3;0.00;15.79;84.21
13/02/2020;Macao;10;0;3;0.00;30.00;70.00
13/02/2020;Sri Lanka;1;0;1;0.00;100.00;0.00
13/02/2020;Corée du Sud;28;0;7;0.00;25.00;75.00
13/02/2020;Italie;3;0;0;0.00;0.00;100.00
13/02/2020;Cambodge;1;0;1;0.00;100.00;0.00
13/02/2020;Japon;28;1;9;3.57;32.14;64.29
13/02/2020;Inde;3;0;0;0.00;0.00;100.00
13/02/2020;Hong-Kong;53;1;1;1.89;1.89;96.23
13/02/2020;Royaume-Uni;9;0;1;0.00;11.11;88.89
13/02/2020;France;11;0;2;0.00;18.18;81.82
13/02/2020;Finlande;1;0;1;0.00;100.00;0.00
13/02/2020;Espagne;2;0;0;0.00;0.00;100.00
13/02/2020;Allemagne;16;0;1;0.00;6.25;93.75
13/02/2020;Chine;59832;1368;6213;2.29;10.38;87.33
13/02/2020;Canada;7;0;1;0.00;14.29;85.71
13/02/2020;Belgique;1;0;0;0.00;0.00;100.00
13/02/2020;Australie;15;0;8;0.00;53.33;46.67
13/02/2020;Émirats Arabes Unis;8;0;1;0.00;12.50;87.50
12/02/2020;Émirats Arabes Unis;8;0;1;0.00;12.50;87.50
12/02/2020;Australie;15;0;2;0.00;13.33;86.67
12/02/2020;Belgique;1;0;0;0.00;0.00;100.00
12/02/2020;Canada;7;0;1;0.00;14.29;85.71
12/02/2020;Chine;44699;1116;5079;2.50;11.36;86.14
12/02/2020;Allemagne;16;0;0;0.00;0.00;100.00
12/02/2020;Espagne;2;0;0;0.00;0.00;100.00
12/02/2020;Finlande;1;0;1;0.00;100.00;0.00
12/02/2020;Royaume-Uni;9;0;1;0.00;11.11;88.89
12/02/2020;France;11;0;2;0.00;18.18;81.82
12/02/2020;Hong-Kong;50;1;1;2.00;2.00;96.00
12/02/2020;Inde;3;0;0;0.00;0.00;100.00
12/02/2020;Japon;28;0;9;0.00;32.14;67.86
12/02/2020;Cambodge;1;0;1;0.00;100.00;0.00
12/02/2020;Italie;3;0;0;0.00;0.00;100.00
12/02/2020;Corée du Sud;28;0;7;0.00;25.00;75.00
12/02/2020;Sri Lanka;1;0;1;0.00;100.00;0.00
12/02/2020;Macao;10;0;2;0.00;20.00;80.00
12/02/2020;Malaisie;18;0;3;0.00;16.67;83.33
12/02/2020;Népal;1;0;1;0.00;100.00;0.00
12/02/2020;Fédération de Russie;2;0;2;0.00;100.00;0.00
12/02/2020;Philippines;3;1;1;33.33;33.33;33.33
12/02/2020;Suède;1;0;0;0.00;0.00;100.00
12/02/2020;Singapour;50;0;15;0.00;30.00;70.00
12/02/2020;Thaïlande;33;0;10;0.00;30.30;69.70
12/02/2020;Taïwan;18;0;1;0.00;5.56;94.44
12/02/2020;États-Unis;13;0;3;0.00;23.08;76.92
12/02/2020;Viet Nam;15;0;6;0.00;40.00;60.00
12/02/2020;Autres;175;0;0;0.00;0.00;100.00
11/02/2020;Autres;135;0;0;0.00;0.00;100.00
11/02/2020;Viet Nam;15;0;6;0.00;40.00;60.00
11/02/2020;États-Unis;13;0;3;0.00;23.08;76.92
11/02/2020;Taïwan;18;0;1;0.00;5.56;94.44
11/02/2020;Thaïlande;33;0;10;0.00;30.30;69.70
11/02/2020;Singapour;47;0;9;0.00;19.15;80.85
11/02/2020;Suède;1;0;0;0.00;0.00;100.00
11/02/2020;Philippines;3;1;0;33.33;0.00;66.67
11/02/2020;Fédération de Russie;2;0;0;0.00;0.00;100.00
11/02/2020;Népal;1;0;0;0.00;0.00;100.00
11/02/2020;Malaisie;18;0;3;0.00;16.67;83.33
11/02/2020;Macao;10;0;1;0.00;10.00;90.00
11/02/2020;Sri Lanka;1;0;1;0.00;100.00;0.00
11/02/2020;Corée du Sud;28;0;3;0.00;10.71;89.29
11/02/2020;Italie;3;0;0;0.00;0.00;100.00
11/02/2020;Cambodge;1;0;0;0.00;0.00;100.00
11/02/2020;Japon;26;0;9;0.00;34.62;65.38
11/02/2020;Inde;3;0;0;0.00;0.00;100.00
11/02/2020;Hong-Kong;49;1;0;2.04;0.00;97.96
11/02/2020;France;11;0;0;0.00;0.00;100.00
11/02/2020;Royaume-Uni;8;0;0;0.00;0.00;100.00
11/02/2020;Finlande;1;0;0;0.00;0.00;100.00
11/02/2020;Espagne;2;0;0;0.00;0.00;100.00
11/02/2020;Allemagne;16;0;0;0.00;0.00;100.00
11/02/2020;Chine;44327;1111;4635;2.51;10.46;87.04
11/02/2020;Canada;7;0;0;0.00;0.00;100.00
11/02/2020;Belgique;1;0;0;0.00;0.00;100.00
11/02/2020;Australie;15;0;2;0.00;13.33;86.67
11/02/2020;Émirats Arabes Unis;8;0;0;0.00;0.00;100.00
10/02/2020;Émirats Arabes Unis;8;0;0;0.00;0.00;100.00
10/02/2020;Australie;15;0;2;0.00;13.33;86.67
10/02/2020;Belgique;1;0;0;0.00;0.00;100.00
10/02/2020;Canada;7;0;0;0.00;0.00;100.00
10/02/2020;Chine;42306;1011;3917;2.39;9.26;88.35
10/02/2020;Allemagne;14;0;0;0.00;0.00;100.00
10/02/2020;Espagne;2;0;0;0.00;0.00;100.00
10/02/2020;Finlande;1;0;0;0.00;0.00;100.00
10/02/2020;Royaume-Uni;8;0;0;0.00;0.00;100.00
10/02/2020;France;11;0;0;0.00;0.00;100.00
10/02/2020;Hong-Kong;38;1;0;2.63;0.00;97.37
10/02/2020;Inde;3;0;0;0.00;0.00;100.00
10/02/2020;Japon;26;0;4;0.00;15.38;84.62
10/02/2020;Cambodge;1;0;0;0.00;0.00;100.00
10/02/2020;Italie;3;0;0;0.00;0.00;100.00
10/02/2020;Corée du Sud;27;0;3;0.00;11.11;88.89
10/02/2020;Sri Lanka;1;0;1;0.00;100.00;0.00
10/02/2020;Macao;10;0;1;0.00;10.00;90.00
10/02/2020;Malaisie;18;0;1;0.00;5.56;94.44
10/02/2020;Népal;1;0;0;0.00;0.00;100.00
10/02/2020;Fédération de Russie;2;0;0;0.00;0.00;100.00
10/02/2020;Philippines;3;1;0;33.33;0.00;66.67
10/02/2020;Suède;1;0;0;0.00;0.00;100.00
10/02/2020;Singapour;45;0;2;0.00;4.44;95.56
10/02/2020;Thaïlande;32;0;10;0.00;31.25;68.75
10/02/2020;Taïwan;18;0;1;0.00;5.56;94.44
10/02/2020;États-Unis;12;0;3;0.00;25.00;75.00
10/02/2020;Viet Nam;14;0;1;0.00;7.14;92.86
10/02/2020;Autres;135;0;0;0.00;0.00;100.00
09/02/2020;Autres;64;0;0;0.00;0.00;100.00
09/02/2020;Viet Nam;13;0;1;0.00;7.69;92.31
09/02/2020;États-Unis;12;0;3;0.00;25.00;75.00
09/02/2020;Taïwan;18;0;1;0.00;5.56;94.44
09/02/2020;Thaïlande;32;0;10;0.00;31.25;68.75
09/02/2020;Singapour;40;0;2;0.00;5.00;95.00
09/02/2020;Suède;1;0;0;0.00;0.00;100.00
09/02/2020;Philippines;3;1;0;33.33;0.00;66.67
09/02/2020;Fédération de Russie;2;0;0;0.00;0.00;100.00
09/02/2020;Népal;1;0;0;0.00;0.00;100.00
09/02/2020;Malaisie;16;0;1;0.00;6.25;93.75
09/02/2020;Macao;10;0;1;0.00;10.00;90.00
09/02/2020;Sri Lanka;1;0;1;0.00;100.00;0.00
09/02/2020;Corée du Sud;25;0;3;0.00;12.00;88.00
09/02/2020;Italie;3;0;0;0.00;0.00;100.00
09/02/2020;Japon;26;0;1;0.00;3.85;96.15
09/02/2020;Cambodge;1;0;0;0.00;0.00;100.00
09/02/2020;Inde;3;0;0;0.00;0.00;100.00
09/02/2020;Hong-Kong;29;1;0;3.45;0.00;96.55
09/02/2020;Royaume-Uni;3;0;0;0.00;0.00;100.00
09/02/2020;Finlande;1;0;0;0.00;0.00;100.00
09/02/2020;France;11;0;0;0.00;0.00;100.00
09/02/2020;Espagne;2;0;0;0.00;0.00;100.00
09/02/2020;Allemagne;14;0;0;0.00;0.00;100.00
09/02/2020;Chine;39790;904;3218;2.27;8.09;89.64
09/02/2020;Canada;7;0;0;0.00;0.00;100.00
09/02/2020;Belgique;1;0;0;0.00;0.00;100.00
09/02/2020;Australie;15;0;2;0.00;13.33;86.67
09/02/2020;Émirats Arabes Unis;7;0;0;0.00;0.00;100.00
08/02/2020;Émirats Arabes Unis;7;0;0;0.00;0.00;100.00
08/02/2020;Australie;15;0;2;0.00;13.33;86.67
08/02/2020;Belgique;1;0;0;0.00;0.00;100.00
08/02/2020;Canada;7;0;0;0.00;0.00;100.00
08/02/2020;Chine;36778;804;2595;2.19;7.06;90.76
08/02/2020;Allemagne;13;0;0;0.00;0.00;100.00
08/02/2020;Espagne;1;0;0;0.00;0.00;100.00
08/02/2020;Finlande;1;0;0;0.00;0.00;100.00
08/02/2020;Royaume-Uni;3;0;0;0.00;0.00;100.00
08/02/2020;France;11;0;0;0.00;0.00;100.00
08/02/2020;Inde;3;0;0;0.00;0.00;100.00
08/02/2020;Hong-Kong;26;1;0;3.85;0.00;96.15
08/02/2020;Cambodge;1;0;0;0.00;0.00;100.00
08/02/2020;Italie;3;0;0;0.00;0.00;100.00
08/02/2020;Japon;25;0;1;0.00;4.00;96.00
08/02/2020;Corée du Sud;24;0;1;0.00;4.17;95.83
08/02/2020;Sri Lanka;1;0;1;0.00;100.00;0.00
08/02/2020;Malaisie;16;0;1;0.00;6.25;93.75
08/02/2020;Macao;10;0;1;0.00;10.00;90.00
08/02/2020;Népal;1;0;0;0.00;0.00;100.00
08/02/2020;Fédération de Russie;2;0;0;0.00;0.00;100.00
08/02/2020;Philippines;3;1;0;33.33;0.00;66.67
08/02/2020;Suède;1;0;0;0.00;0.00;100.00
08/02/2020;Singapour;33;0;2;0.00;6.06;93.94
08/02/2020;Thaïlande;32;0;10;0.00;31.25;68.75
08/02/2020;Taïwan;17;0;1;0.00;5.88;94.12
08/02/2020;États-Unis;12;0;0;0.00;0.00;100.00
08/02/2020;Autres;61;0;0;0.00;0.00;100.00
08/02/2020;Viet Nam;13;0;1;0.00;7.69;92.31
07/02/2020;Viet Nam;10;0;1;0.00;10.00;90.00
07/02/2020;Autres;61;0;0;0.00;0.00;100.00
07/02/2020;États-Unis;12;0;0;0.00;0.00;100.00
07/02/2020;Taïwan;16;0;1;0.00;6.25;93.75
07/02/2020;Singapour;30;0;0;0.00;0.00;100.00
07/02/2020;Suède;1;0;0;0.00;0.00;100.00
07/02/2020;Thaïlande;25;0;5;0.00;20.00;80.00
07/02/2020;Philippines;3;1;0;33.33;0.00;66.67
07/02/2020;Fédération de Russie;2;0;0;0.00;0.00;100.00
07/02/2020;Népal;1;0;0;0.00;0.00;100.00
07/02/2020;Macao;10;0;1;0.00;10.00;90.00
07/02/2020;Malaisie;12;0;1;0.00;8.33;91.67
07/02/2020;Sri Lanka;1;0;0;0.00;0.00;100.00
07/02/2020;Corée du Sud;24;0;1;0.00;4.17;95.83
07/02/2020;Japon;25;0;1;0.00;4.00;96.00
07/02/2020;Italie;3;0;0;0.00;0.00;100.00
07/02/2020;Cambodge;1;0;0;0.00;0.00;100.00
07/02/2020;Hong-Kong;25;1;0;4.00;0.00;96.00
07/02/2020;Inde;3;0;0;0.00;0.00;100.00
07/02/2020;France;6;0;0;0.00;0.00;100.00
07/02/2020;Royaume-Uni;3;0;0;0.00;0.00;100.00
07/02/2020;Finlande;1;0;0;0.00;0.00;100.00
07/02/2020;Espagne;1;0;0;0.00;0.00;100.00
07/02/2020;Allemagne;13;0;0;0.00;0.00;100.00
07/02/2020;Chine;34075;717;1998;2.10;5.86;92.03
07/02/2020;Canada;7;0;0;0.00;0.00;100.00
07/02/2020;Belgique;1;0;0;0.00;0.00;100.00
07/02/2020;Australie;15;0;2;0.00;13.33;86.67
07/02/2020;Émirats Arabes Unis;5;0;0;0.00;0.00;100.00
06/02/2020;Émirats Arabes Unis;5;0;0;0.00;0.00;100.00
06/02/2020;Australie;14;0;2;0.00;14.29;85.71
06/02/2020;Belgique;1;0;0;0.00;0.00;100.00
06/02/2020;Canada;5;0;0;0.00;0.00;100.00
06/02/2020;Chine;30553;632;1476;2.07;4.83;93.10
06/02/2020;Allemagne;12;0;0;0.00;0.00;100.00
06/02/2020;Espagne;1;0;0;0.00;0.00;100.00
06/02/2020;Finlande;1;0;0;0.00;0.00;100.00
06/02/2020;Royaume-Uni;2;0;0;0.00;0.00;100.00
06/02/2020;France;6;0;0;0.00;0.00;100.00
06/02/2020;Inde;3;0;0;0.00;0.00;100.00
06/02/2020;Hong-Kong;24;1;0;4.17;0.00;95.83
06/02/2020;Cambodge;1;0;0;0.00;0.00;100.00
06/02/2020;Italie;2;0;0;0.00;0.00;100.00
06/02/2020;Japon;45;0;1;0.00;2.22;97.78
06/02/2020;Corée du Sud;23;0;0;0.00;0.00;100.00
06/02/2020;Sri Lanka;1;0;0;0.00;0.00;100.00
06/02/2020;Malaisie;12;0;0;0.00;0.00;100.00
06/02/2020;Macao;10;0;1;0.00;10.00;90.00
06/02/2020;Népal;1;0;0;0.00;0.00;100.00
06/02/2020;Fédération de Russie;2;0;0;0.00;0.00;100.00
06/02/2020;Philippines;2;1;0;50.00;0.00;50.00
06/02/2020;Thaïlande;25;0;5;0.00;20.00;80.00
06/02/2020;Suède;1;0;0;0.00;0.00;100.00
06/02/2020;Singapour;28;0;0;0.00;0.00;100.00
06/02/2020;Taïwan;16;0;1;0.00;6.25;93.75
06/02/2020;États-Unis;12;0;0;0.00;0.00;100.00
06/02/2020;Viet Nam;10;0;1;0.00;10.00;90.00
05/02/2020;Viet Nam;8;0;1;0.00;12.50;87.50
05/02/2020;États-Unis;12;0;0;0.00;0.00;100.00
05/02/2020;Taïwan;11;0;0;0.00;0.00;100.00
05/02/2020;Singapour;28;0;0;0.00;0.00;100.00
05/02/2020;Suède;1;0;0;0.00;0.00;100.00
05/02/2020;Thaïlande;25;0;5;0.00;20.00;80.00
05/02/2020;Philippines;2;1;0;50.00;0.00;50.00
05/02/2020;Fédération de Russie;2;0;0;0.00;0.00;100.00
05/02/2020;Népal;1;0;0;0.00;0.00;100.00
05/02/2020;Macao;10;0;0;0.00;0.00;100.00
05/02/2020;Malaisie;12;0;0;0.00;0.00;100.00
05/02/2020;Sri Lanka;1;0;0;0.00;0.00;100.00
05/02/2020;Corée du Sud;19;0;0;0.00;0.00;100.00
05/02/2020;Japon;22;0;1;0.00;4.55;95.45
05/02/2020;Italie;2;0;0;0.00;0.00;100.00
05/02/2020;Cambodge;1;0;0;0.00;0.00;100.00
05/02/2020;Hong-Kong;21;1;0;4.76;0.00;95.24
05/02/2020;Inde;3;0;0;0.00;0.00;100.00
05/02/2020;France;6;0;0;0.00;0.00;100.00
05/02/2020;Royaume-Uni;2;0;0;0.00;0.00;100.00
05/02/2020;Finlande;1;0;0;0.00;0.00;100.00
05/02/2020;Espagne;1;0;0;0.00;0.00;100.00
05/02/2020;Allemagne;12;0;0;0.00;0.00;100.00
05/02/2020;Chine;27409;562;1115;2.05;4.07;93.88
05/02/2020;Canada;5;0;0;0.00;0.00;100.00
05/02/2020;Belgique;1;0;0;0.00;0.00;100.00
05/02/2020;Australie;13;0;2;0.00;15.38;84.62
05/02/2020;Émirats Arabes Unis;5;0;0;0.00;0.00;100.00
04/02/2020;Émirats Arabes Unis;5;0;0;0.00;0.00;100.00
04/02/2020;Australie;13;0;2;0.00;15.38;84.62
04/02/2020;Belgique;1;0;0;0.00;0.00;100.00
04/02/2020;Canada;4;0;0;0.00;0.00;100.00
04/02/2020;Chine;23680;490;843;2.07;3.56;94.37
04/02/2020;Allemagne;12;0;0;0.00;0.00;100.00
04/02/2020;Espagne;1;0;0;0.00;0.00;100.00
04/02/2020;Finlande;1;0;0;0.00;0.00;100.00
04/02/2020;Royaume-Uni;2;0;0;0.00;0.00;100.00
04/02/2020;France;6;0;0;0.00;0.00;100.00
04/02/2020;Inde;3;0;0;0.00;0.00;100.00
04/02/2020;Hong-Kong;17;1;0;5.88;0.00;94.12
04/02/2020;Cambodge;1;0;0;0.00;0.00;100.00
04/02/2020;Italie;2;0;0;0.00;0.00;100.00
04/02/2020;Japon;22;0;1;0.00;4.55;95.45
04/02/2020;Corée du Sud;16;0;0;0.00;0.00;100.00
04/02/2020;Sri Lanka;1;0;0;0.00;0.00;100.00
04/02/2020;Malaisie;10;0;0;0.00;0.00;100.00
04/02/2020;Macao;10;0;0;0.00;0.00;100.00
04/02/2020;Népal;1;0;0;0.00;0.00;100.00
04/02/2020;Fédération de Russie;2;0;0;0.00;0.00;100.00
04/02/2020;Philippines;2;1;0;50.00;0.00;50.00
04/02/2020;Thaïlande;25;0;5;0.00;20.00;80.00
04/02/2020;Suède;1;0;0;0.00;0.00;100.00
04/02/2020;Singapour;24;0;0;0.00;0.00;100.00
04/02/2020;Taïwan;11;0;0;0.00;0.00;100.00
04/02/2020;États-Unis;11;0;0;0.00;0.00;100.00
04/02/2020;Viet Nam;8;0;1;0.00;12.50;87.50
03/02/2020;Viet Nam;8;0;1;0.00;12.50;87.50
03/02/2020;États-Unis;11;0;0;0.00;0.00;100.00
03/02/2020;Taïwan;10;0;0;0.00;0.00;100.00
03/02/2020;Singapour;18;0;0;0.00;0.00;100.00
03/02/2020;Suède;1;0;0;0.00;0.00;100.00
03/02/2020;Thaïlande;19;0;5;0.00;26.32;73.68
03/02/2020;Philippines;2;1;0;50.00;0.00;50.00
03/02/2020;Fédération de Russie;2;0;0;0.00;0.00;100.00
03/02/2020;Népal;1;0;0;0.00;0.00;100.00
03/02/2020;Macao;8;0;0;0.00;0.00;100.00
03/02/2020;Malaisie;8;0;0;0.00;0.00;100.00
03/02/2020;Sri Lanka;1;0;0;0.00;0.00;100.00
03/02/2020;Corée du Sud;15;0;0;0.00;0.00;100.00
03/02/2020;Japon;20;0;1;0.00;5.00;95.00
03/02/2020;Italie;2;0;0;0.00;0.00;100.00
03/02/2020;Cambodge;1;0;0;0.00;0.00;100.00
03/02/2020;Hong-Kong;15;0;0;0.00;0.00;100.00
03/02/2020;Inde;3;0;0;0.00;0.00;100.00
03/02/2020;France;6;0;0;0.00;0.00;100.00
03/02/2020;Royaume-Uni;2;0;0;0.00;0.00;100.00
03/02/2020;Finlande;1;0;0;0.00;0.00;100.00
03/02/2020;Espagne;1;0;0;0.00;0.00;100.00
03/02/2020;Allemagne;12;0;0;0.00;0.00;100.00
03/02/2020;Chine;19693;425;614;2.16;3.12;94.72
03/02/2020;Canada;4;0;0;0.00;0.00;100.00
03/02/2020;Australie;12;0;2;0.00;16.67;83.33
03/02/2020;Émirats Arabes Unis;5;0;0;0.00;0.00;100.00
02/02/2020;Émirats Arabes Unis;5;0;0;0.00;0.00;100.00
02/02/2020;Australie;12;0;2;0.00;16.67;83.33
02/02/2020;Canada;4;0;0;0.00;0.00;100.00
02/02/2020;Chine;16607;361;463;2.17;2.79;95.04
02/02/2020;Allemagne;10;0;0;0.00;0.00;100.00
02/02/2020;Espagne;1;0;0;0.00;0.00;100.00
02/02/2020;Finlande;1;0;0;0.00;0.00;100.00
02/02/2020;France;6;0;0;0.00;0.00;100.00
02/02/2020;Royaume-Uni;2;0;0;0.00;0.00;100.00
02/02/2020;Hong-Kong;15;0;0;0.00;0.00;100.00
02/02/2020;Inde;2;0;0;0.00;0.00;100.00
02/02/2020;Cambodge;1;0;0;0.00;0.00;100.00
02/02/2020;Japon;20;0;1;0.00;5.00;95.00
02/02/2020;Italie;2;0;0;0.00;0.00;100.00
02/02/2020;Corée du Sud;15;0;0;0.00;0.00;100.00
02/02/2020;Sri Lanka;1;0;0;0.00;0.00;100.00
02/02/2020;Malaisie;8;0;0;0.00;0.00;100.00
02/02/2020;Macao;8;0;0;0.00;0.00;100.00
02/02/2020;Népal;1;0;0;0.00;0.00;100.00
02/02/2020;Fédération de Russie;2;0;0;0.00;0.00;100.00
02/02/2020;Philippines;2;1;0;50.00;0.00;50.00
02/02/2020;Thaïlande;19;0;5;0.00;26.32;73.68
02/02/2020;Suède;1;0;0;0.00;0.00;100.00
02/02/2020;Singapour;18;0;0;0.00;0.00;100.00
02/02/2020;Taïwan;10;0;0;0.00;0.00;100.00
02/02/2020;États-Unis;8;0;0;0.00;0.00;100.00
02/02/2020;Viet Nam;6;0;1;0.00;16.67;83.33
01/02/2020;Viet Nam;6;0;1;0.00;16.67;83.33
01/02/2020;États-Unis;8;0;0;0.00;0.00;100.00
01/02/2020;Taïwan;10;0;0;0.00;0.00;100.00
01/02/2020;Singapour;16;0;0;0.00;0.00;100.00
01/02/2020;Suède;1;0;0;0.00;0.00;100.00
01/02/2020;Thaïlande;19;0;5;0.00;26.32;73.68
01/02/2020;Philippines;1;0;0;0.00;0.00;100.00
01/02/2020;Fédération de Russie;2;0;0;0.00;0.00;100.00
01/02/2020;Népal;1;0;0;0.00;0.00;100.00
01/02/2020;Macao;7;0;0;0.00;0.00;100.00
01/02/2020;Malaisie;8;0;0;0.00;0.00;100.00
01/02/2020;Sri Lanka;1;0;0;0.00;0.00;100.00
01/02/2020;Corée du Sud;12;0;0;0.00;0.00;100.00
01/02/2020;Italie;2;0;0;0.00;0.00;100.00
01/02/2020;Japon;20;0;1;0.00;5.00;95.00
01/02/2020;Cambodge;1;0;0;0.00;0.00;100.00
01/02/2020;Inde;1;0;0;0.00;0.00;100.00
01/02/2020;Hong-Kong;13;0;0;0.00;0.00;100.00
01/02/2020;France;6;0;0;0.00;0.00;100.00
01/02/2020;Royaume-Uni;2;0;0;0.00;0.00;100.00
01/02/2020;Finlande;1;0;0;0.00;0.00;100.00
01/02/2020;Espagne;1;0;0;0.00;0.00;100.00
01/02/2020;Allemagne;8;0;0;0.00;0.00;100.00
01/02/2020;Chine;11871;259;275;2.18;2.32;95.50
01/02/2020;Canada;4;0;0;0.00;0.00;100.00
01/02/2020;Australie;12;0;2;0.00;16.67;83.33
01/02/2020;Émirats Arabes Unis;4;0;0;0.00;0.00;100.00
31/01/2020;Émirats Arabes Unis;4;0;0;0.00;0.00;100.00
31/01/2020;Australie;9;0;2;0.00;22.22;77.78
31/01/2020;Canada;3;0;0;0.00;0.00;100.00
31/01/2020;Chine;9783;213;214;2.18;2.19;95.64
31/01/2020;Allemagne;5;0;0;0.00;0.00;100.00
31/01/2020;Finlande;1;0;0;0.00;0.00;100.00
31/01/2020;France;5;0;0;0.00;0.00;100.00
31/01/2020;Royaume-Uni;2;0;0;0.00;0.00;100.00
31/01/2020;Hong-Kong;12;0;0;0.00;0.00;100.00
31/01/2020;Inde;1;0;0;0.00;0.00;100.00
31/01/2020;Cambodge;1;0;0;0.00;0.00;100.00
31/01/2020;Japon;15;0;1;0.00;6.67;93.33
31/01/2020;Italie;2;0;0;0.00;0.00;100.00
31/01/2020;Corée du Sud;11;0;0;0.00;0.00;100.00
31/01/2020;Sri Lanka;1;0;0;0.00;0.00;100.00
31/01/2020;Malaisie;8;0;0;0.00;0.00;100.00
31/01/2020;Macao;7;0;0;0.00;0.00;100.00
31/01/2020;Népal;1;0;0;0.00;0.00;100.00
31/01/2020;Fédération de Russie;2;0;0;0.00;0.00;100.00
31/01/2020;Philippines;1;0;0;0.00;0.00;100.00
31/01/2020;Thaïlande;19;0;5;0.00;26.32;73.68
31/01/2020;Suède;1;0;0;0.00;0.00;100.00
31/01/2020;Singapour;13;0;0;0.00;0.00;100.00
31/01/2020;Taïwan;10;0;0;0.00;0.00;100.00
31/01/2020;États-Unis;6;0;0;0.00;0.00;100.00
31/01/2020;Viet Nam;2;0;0;0.00;0.00;100.00
30/01/2020;Viet Nam;2;0;0;0.00;0.00;100.00
30/01/2020;États-Unis;5;0;0;0.00;0.00;100.00
30/01/2020;Taïwan;9;0;0;0.00;0.00;100.00
30/01/2020;Singapour;10;0;0;0.00;0.00;100.00
30/01/2020;Thaïlande;14;0;5;0.00;35.71;64.29
30/01/2020;Philippines;1;0;0;0.00;0.00;100.00
30/01/2020;Népal;1;0;0;0.00;0.00;100.00
30/01/2020;Macao;7;0;0;0.00;0.00;100.00
30/01/2020;Malaisie;8;0;0;0.00;0.00;100.00
30/01/2020;Sri Lanka;1;0;0;0.00;0.00;100.00
30/01/2020;Corée du Sud;4;0;0;0.00;0.00;100.00
30/01/2020;Japon;11;0;1;0.00;9.09;90.91
30/01/2020;Cambodge;1;0;0;0.00;0.00;100.00
30/01/2020;Inde;1;0;0;0.00;0.00;100.00
30/01/2020;Hong-Kong;10;0;0;0.00;0.00;100.00
30/01/2020;France;5;0;0;0.00;0.00;100.00
30/01/2020;Finlande;1;0;0;0.00;0.00;100.00
30/01/2020;Allemagne;4;0;0;0.00;0.00;100.00
30/01/2020;Chine;8124;171;135;2.10;1.66;96.23
30/01/2020;Canada;3;0;0;0.00;0.00;100.00
30/01/2020;Australie;9;0;2;0.00;22.22;77.78
30/01/2020;Émirats Arabes Unis;4;0;0;0.00;0.00;100.00
29/01/2020;Émirats Arabes Unis;4;0;0;0.00;0.00;100.00
29/01/2020;Australie;5;0;0;0.00;0.00;100.00
29/01/2020;Canada;2;0;0;0.00;0.00;100.00
29/01/2020;Chine;6070;133;120;2.19;1.98;95.83
29/01/2020;Allemagne;4;0;0;0.00;0.00;100.00
29/01/2020;Finlande;1;0;0;0.00;0.00;100.00
29/01/2020;France;5;0;0;0.00;0.00;100.00
29/01/2020;Hong-Kong;10;0;0;0.00;0.00;100.00
29/01/2020;Cambodge;1;0;0;0.00;0.00;100.00
29/01/2020;Japon;7;0;1;0.00;14.29;85.71
29/01/2020;Corée du Sud;4;0;0;0.00;0.00;100.00
29/01/2020;Sri Lanka;1;0;0;0.00;0.00;100.00
29/01/2020;Malaisie;7;0;0;0.00;0.00;100.00
29/01/2020;Macao;7;0;0;0.00;0.00;100.00
29/01/2020;Népal;1;0;0;0.00;0.00;100.00
29/01/2020;Thaïlande;14;0;5;0.00;35.71;64.29
29/01/2020;Singapour;7;0;0;0.00;0.00;100.00
29/01/2020;Taïwan;8;0;0;0.00;0.00;100.00
29/01/2020;États-Unis;5;0;0;0.00;0.00;100.00
29/01/2020;Viet Nam;2;0;0;0.00;0.00;100.00
28/01/2020;Viet Nam;2;0;0;0.00;0.00;100.00
28/01/2020;États-Unis;5;0;0;0.00;0.00;100.00
28/01/2020;Taïwan;8;0;0;0.00;0.00;100.00
28/01/2020;Singapour;7;0;0;0.00;0.00;100.00
28/01/2020;Thaïlande;14;0;5;0.00;35.71;64.29
28/01/2020;Népal;1;0;0;0.00;0.00;100.00
28/01/2020;Macao;7;0;0;0.00;0.00;100.00
28/01/2020;Malaisie;4;0;0;0.00;0.00;100.00
28/01/2020;Sri Lanka;1;0;0;0.00;0.00;100.00
28/01/2020;Corée du Sud;4;0;0;0.00;0.00;100.00
28/01/2020;Japon;7;0;1;0.00;14.29;85.71
28/01/2020;Cambodge;1;0;0;0.00;0.00;100.00
28/01/2020;Hong-Kong;8;0;0;0.00;0.00;100.00
28/01/2020;France;4;0;0;0.00;0.00;100.00
28/01/2020;Allemagne;4;0;0;0.00;0.00;100.00
28/01/2020;Chine;5494;131;101;2.38;1.84;95.78
28/01/2020;Canada;2;0;0;0.00;0.00;100.00
28/01/2020;Australie;5;0;0;0.00;0.00;100.00
27/01/2020;Australie;5;0;0;0.00;0.00;100.00
27/01/2020;Canada;1;0;0;0.00;0.00;100.00
27/01/2020;Côte d'Ivoire;1;0;0;0.00;0.00;100.00
27/01/2020;Chine;2863;82;58;2.86;2.03;95.11
27/01/2020;France;3;0;0;0.00;0.00;100.00
27/01/2020;Hong-Kong;8;0;0;0.00;0.00;100.00
27/01/2020;Cambodge;1;0;0;0.00;0.00;100.00
27/01/2020;Japon;4;0;1;0.00;25.00;75.00
27/01/2020;Corée du Sud;4;0;0;0.00;0.00;100.00
27/01/2020;Sri Lanka;1;0;0;0.00;0.00;100.00
27/01/2020;Malaisie;4;0;0;0.00;0.00;100.00
27/01/2020;Macao;6;0;0;0.00;0.00;100.00
27/01/2020;Népal;1;0;0;0.00;0.00;100.00
27/01/2020;Thaïlande;8;0;2;0.00;25.00;75.00
27/01/2020;Singapour;5;0;0;0.00;0.00;100.00
27/01/2020;Taïwan;5;0;0;0.00;0.00;100.00
27/01/2020;États-Unis;5;0;0;0.00;0.00;100.00
27/01/2020;Viet Nam;2;0;0;0.00;0.00;100.00
26/01/2020;Viet Nam;2;0;0;0.00;0.00;100.00
26/01/2020;États-Unis;5;0;0;0.00;0.00;100.00
26/01/2020;Taïwan;4;0;0;0.00;0.00;100.00
26/01/2020;Singapour;4;0;0;0.00;0.00;100.00
26/01/2020;Thaïlande;8;0;2;0.00;25.00;75.00
26/01/2020;Népal;1;0;0;0.00;0.00;100.00
26/01/2020;Macao;5;0;0;0.00;0.00;100.00
26/01/2020;Malaisie;4;0;0;0.00;0.00;100.00
26/01/2020;Corée du Sud;3;0;0;0.00;0.00;100.00
26/01/2020;Japon;4;0;1;0.00;25.00;75.00
26/01/2020;Hong-Kong;8;0;0;0.00;0.00;100.00
26/01/2020;France;3;0;0;0.00;0.00;100.00
26/01/2020;Chine;2062;56;49;2.72;2.38;94.91
26/01/2020;Canada;1;0;0;0.00;0.00;100.00
26/01/2020;Australie;4;0;0;0.00;0.00;100.00
25/01/2020;Australie;4;0;0;0.00;0.00;100.00
25/01/2020;Chine;1399;42;39;3.00;2.79;94.21
25/01/2020;France;3;0;0;0.00;0.00;100.00
25/01/2020;Hong-Kong;5;0;0;0.00;0.00;100.00
25/01/2020;Japon;2;0;0;0.00;0.00;100.00
25/01/2020;Corée du Sud;2;0;0;0.00;0.00;100.00
25/01/2020;Malaisie;3;0;0;0.00;0.00;100.00
25/01/2020;Macao;2;0;0;0.00;0.00;100.00
25/01/2020;Népal;1;0;0;0.00;0.00;100.00
25/01/2020;Thaïlande;7;0;0;0.00;0.00;100.00
25/01/2020;Singapour;3;0;0;0.00;0.00;100.00
25/01/2020;Taïwan;3;0;0;0.00;0.00;100.00
25/01/2020;États-Unis;2;0;0;0.00;0.00;100.00
25/01/2020;Viet Nam;2;0;0;0.00;0.00;100.00
24/01/2020;Viet Nam;2;0;0;0.00;0.00;100.00
24/01/2020;États-Unis;2;0;0;0.00;0.00;100.00
24/01/2020;Taïwan;3;0;0;0.00;0.00;100.00
24/01/2020;Singapour;3;0;0;0.00;0.00;100.00
24/01/2020;Thaïlande;5;0;0;0.00;0.00;100.00
24/01/2020;Macao;2;0;0;0.00;0.00;100.00
24/01/2020;Corée du Sud;2;0;0;0.00;0.00;100.00
24/01/2020;Japon;2;0;0;0.00;0.00;100.00
24/01/2020;Hong-Kong;2;0;0;0.00;0.00;100.00
24/01/2020;France;2;0;0;0.00;0.00;100.00
24/01/2020;Chine;916;26;36;2.84;3.93;93.23
23/01/2020;Chine;639;18;30;2.82;4.69;92.49
23/01/2020;Colombie;0;0;0;0.00;0.00;0.00
23/01/2020;Australie;0;0;0;0.00;0.00;0.00
23/01/2020;Brésil;0;0;0;0.00;0.00;0.00
23/01/2020;Hong-Kong;2;0;0;0.00;0.00;100.00
23/01/2020;Japon;1;0;0;0.00;0.00;100.00
23/01/2020;Corée du Sud;1;0;0;0.00;0.00;100.00
23/01/2020;Macao;2;0;0;0.00;0.00;100.00
23/01/2020;Malaisie;0;0;0;0.00;0.00;0.00
23/01/2020;Mexique;0;0;0;0.00;0.00;0.00
23/01/2020;Philippines;0;0;0;0.00;0.00;0.00
23/01/2020;Thaïlande;3;0;0;0.00;0.00;100.00
23/01/2020;Singapour;1;0;0;0.00;0.00;100.00
23/01/2020;Taïwan;1;0;0;0.00;0.00;100.00
23/01/2020;États-Unis;1;0;0;0.00;0.00;100.00
23/01/2020;Viet Nam;2;0;0;0.00;0.00;100.00
22/01/2020;États-Unis;1;0;0;0.00;0.00;100.00
22/01/2020;Taïwan;1;0;0;0.00;0.00;100.00
22/01/2020;Thaïlande;2;0;0;0.00;0.00;100.00
22/01/2020;Macao;1;0;0;0.00;0.00;100.00
22/01/2020;Corée du Sud;1;0;0;0.00;0.00;100.00
22/01/2020;Japon;2;0;0;0.00;0.00;100.00
22/01/2020;Hong-Kong;0;0;0;0.00;0.00;0.00
22/01/2020;Chine;547;17;28;3.11;5.12;91.77
